AccountNumber,AccountHolder,AccountType,Balance,InterestRate,CreditScore,OpeningDate,LoanAmount,AccountHolderDetails
534945,James Jones,Credit,31724.38732,4.076872318,729,2020-01-01 00:00:00,48133.55549,"Sector: Technology, Residence: 15 years, City: London"
574396,Joseph Moore,Loan,44838.07273,3.71776573,703,2020-01-02 00:00:00,41114.45157,"Sector: Retail, Residence: 10 years, City: New York"
215793,Michael Smith,Checking,16022.3661,3.072172589,376,2020-01-04 00:00:00,25116.05177,"Sector: Finance, Residence: 16 years, City: Tokyo"
760445,William Johnson,Checking,44496.67367,3.950137227,387,2020-01-05 00:00:00,26105.28548,"Sector: Healthcare, Residence: 1 years, City: London"
821936,Jennifer Johnson,Credit,24118.72832,1.431507148,325,2020-01-07 00:00:00,17638.9452,"Sector: Finance, Residence: 16 years, City: New York"
851388,Barbara Wilson,Savings,15181.64447,2.095126854,326,2020-01-08 00:00:00,23857.54243,"Sector: Healthcare, Residence: 12 years, City: Berlin"
827121,Robert Miller,Savings,6516.464334,1.405775019,611,2020-01-09 00:00:00,17602.11342,"Sector: Retail, Residence: 13 years, City: New York"
383334,Susan Wilson,Savings,42652.02398,0.742865871,813,2020-01-10 00:00:00,35650.41943,"Sector: Finance, Residence: 16 years, City: Tokyo"
541749,Charles Miller,Checking,6686.72896,1.013801256,546,2020-01-11 00:00:00,38643.67656,"Sector: Education, Residence: 2 years, City: Tokyo"
909845,Elizabeth Smith,Loan,19770.71685,3.821712721,849,2020-01-13 00:00:00,40950.92877,"Sector: Finance, Residence: 16 years, City: Sydney"
710663,Thomas Smith,Loan,44168.65275,2.773149746,358,2020-01-14 00:00:00,6436.587422,"Sector: Education, Residence: 15 years, City: Tokyo"
744360,Jessica Moore,Credit,48920.58094,1.657514904,516,2020-01-15 00:00:00,44959.62894,"Sector: Technology, Residence: 5 years, City: New York"
119374,Mary Williams,Credit,277.4834826,0.820074625,342,2020-01-16 00:00:00,26872.03405,"Sector: Retail, Residence: 12 years, City: London"
635130,Charles Jackson,Credit,23046.5153,0.76942984,530,2020-01-17 00:00:00,32051.79295,"Sector: Technology, Residence: 11 years, City: Tokyo"
614907,Richard Davis,Savings,44467.19959,4.180905672,631,2020-01-18 00:00:00,29823.41489,"Sector: Technology, Residence: 6 years, City: Sydney"
380950,James Johnson,Credit,5424.635332,1.590392673,583,2020-01-21 00:00:00,33283.81611,"Sector: Finance, Residence: 11 years, City: Tokyo"
125124,Sarah Williams,Loan,42369.89984,3.044438586,486,2020-01-22 00:00:00,8685.905233,"Sector: Finance, Residence: 12 years, City: Sydney"
795889,Barbara Garcia,Loan,9666.090131,1.476713592,476,2020-01-23 00:00:00,31155.79957,"Sector: Retail, Residence: 19 years, City: New York"
479868,James Gonzalez,Loan,9528.761652,1.251237534,571,2020-01-24 00:00:00,14791.90738,"Sector: Technology, Residence: 3 years, City: New York"
494191,Mary Davis,Credit,38158.06672,2.760879027,476,2020-01-25 00:00:00,45190.49275,"Sector: Education, Residence: 2 years, City: New York"
288509,Michael Thomas,Savings,32556.26666,0.520755377,508,2020-01-26 00:00:00,13895.20714,"Sector: Healthcare, Residence: 2 years, City: London"
781925,Susan Taylor,Credit,21561.56637,0.944667062,734,2020-01-28 00:00:00,24011.09513,"Sector: Finance, Residence: 8 years, City: Berlin"
528097,Sarah Moore,Savings,37312.14026,4.920562814,630,2020-01-29 00:00:00,20356.17549,"Sector: Technology, Residence: 2 years, City: Tokyo"
167556,John Garcia,Loan,331.2147545,1.833641727,512,2020-01-30 00:00:00,19666.29393,"Sector: Education, Residence: 13 years, City: Berlin"
686034,Sarah Williams,Credit,23483.10652,0.517394421,704,2020-01-31 00:00:00,7444.397913,"Sector: Education, Residence: 9 years, City: London"
501942,Barbara Taylor,Savings,2231.10071,3.559027811,363,2020-02-01 00:00:00,44044.59516,"Sector: Technology, Residence: 17 years, City: Berlin"
890231,David Miller,Loan,45316.49761,4.815965537,398,2020-02-02 00:00:00,39330.59104,"Sector: Retail, Residence: 5 years, City: Tokyo"
337008,Jessica Gonzalez,Credit,36001.50122,3.85790183,390,2020-02-03 00:00:00,20974.76527,"Sector: Finance, Residence: 13 years, City: Sydney"
937337,Barbara Taylor,Savings,16816.77417,2.894383537,484,2020-02-04 00:00:00,48661.62283,"Sector: Technology, Residence: 1 years, City: Sydney"
907384,Elizabeth Taylor,Loan,5798.930572,4.923868451,395,2020-02-06 00:00:00,34402.62478,"Sector: Technology, Residence: 2 years, City: New York"
710890,Robert Thomas,Savings,40974.66295,2.24283645,699,2020-02-07 00:00:00,26335.59808,"Sector: Retail, Residence: 11 years, City: London"
319243,Michael Miller,Checking,5114.726979,3.679888353,567,2020-02-08 00:00:00,19391.10848,"Sector: Technology, Residence: 10 years, City: Tokyo"
394174,Susan Johnson,Savings,9864.186514,1.161429716,301,2020-02-09 00:00:00,5776.249318,"Sector: Technology, Residence: 3 years, City: Tokyo"
192126,John Wilson,Savings,44891.35465,2.139572534,381,2020-02-10 00:00:00,33320.41059,"Sector: Healthcare, Residence: 11 years, City: Sydney"
334892,Patricia Gonzalez,Loan,25577.87469,2.00892616,847,2020-02-11 00:00:00,39920.51583,"Sector: Finance, Residence: 15 years, City: Berlin"
975629,Karen Jones,Savings,13593.91415,1.135940692,445,2020-02-12 00:00:00,18932.1281,"Sector: Education, Residence: 16 years, City: New York"
197133,Jennifer Miller,Savings,28766.73597,1.179281193,474,2020-02-13 00:00:00,47938.53034,"Sector: Education, Residence: 19 years, City: Berlin"
109915,Sarah Miller,Savings,27291.14821,2.508922609,464,2020-02-14 00:00:00,21878.0719,"Sector: Finance, Residence: 10 years, City: Berlin"
595592,David Williams,Credit,20956.38496,4.874168185,423,2020-02-17 00:00:00,37508.25028,"Sector: Healthcare, Residence: 13 years, City: London"
235933,Jennifer Rodriguez,Loan,31049.20304,3.676877687,774,2020-02-18 00:00:00,9538.325826,"Sector: Technology, Residence: 18 years, City: Sydney"
366098,Linda Garcia,Credit,47770.73323,2.405773101,497,2020-02-19 00:00:00,49543.31643,"Sector: Education, Residence: 2 years, City: Tokyo"
610886,Patricia Moore,Checking,30039.63822,0.783201936,330,2020-02-20 00:00:00,48765.87347,"Sector: Finance, Residence: 7 years, City: Tokyo"
936946,James Smith,Savings,46025.20737,2.69892675,319,2020-02-21 00:00:00,23154.38013,"Sector: Healthcare, Residence: 7 years, City: Sydney"
766730,Michael Hernandez,Loan,42983.48248,2.173120684,638,2020-02-22 00:00:00,24185.28441,"Sector: Retail, Residence: 7 years, City: London"
648500,Linda Wilson,Loan,26064.21155,0.792749371,518,2020-02-23 00:00:00,9048.495769,"Sector: Education, Residence: 18 years, City: Berlin"
926054,Thomas Brown,Credit,31413.15835,3.062726313,439,2020-02-24 00:00:00,49797.15525,"Sector: Healthcare, Residence: 15 years, City: Sydney"
107588,Jessica Jackson,Loan,5558.32327,2.128771676,521,2020-02-25 00:00:00,39786.2096,"Sector: Healthcare, Residence: 3 years, City: Sydney"
377515,Karen Wilson,Loan,15140.76103,2.232830727,665,2020-02-26 00:00:00,37738.6671,"Sector: Finance, Residence: 17 years, City: Tokyo"
485494,James Anderson,Credit,40216.57545,4.181334128,848,2020-02-27 00:00:00,14300.7387,"Sector: Education, Residence: 8 years, City: Berlin"
761994,Sarah Williams,Credit,26565.65369,1.549612124,403,2020-02-28 00:00:00,18536.47901,"Sector: Finance, Residence: 3 years, City: London"
711487,Charles Williams,Checking,33733.87677,1.183661949,755,2020-03-01 00:00:00,47613.24421,"Sector: Education, Residence: 19 years, City: New York"
613253,Mary Smith,Credit,4429.081477,4.066917031,455,2020-03-02 00:00:00,41800.81848,"Sector: Education, Residence: 13 years, City: Tokyo"
801052,Charles Johnson,Credit,5516.952582,2.947541907,348,2020-03-03 00:00:00,39426.22017,"Sector: Healthcare, Residence: 4 years, City: Berlin"
600157,Elizabeth Moore,Savings,40124.95282,0.551128341,503,2020-03-04 00:00:00,5585.05856,"Sector: Technology, Residence: 15 years, City: New York"
834035,Michael Miller,Credit,12585.99204,1.047224193,528,2020-03-06 00:00:00,42853.72642,"Sector: Healthcare, Residence: 5 years, City: Sydney"
871727,James Smith,Credit,40066.10912,3.727432939,381,2020-03-07 00:00:00,6440.791875,"Sector: Retail, Residence: 1 years, City: New York"
930814,Robert Lopez,Loan,41227.37996,0.599642893,796,2020-03-08 00:00:00,12266.87349,"Sector: Technology, Residence: 16 years, City: London"
319021,Elizabeth Anderson,Loan,35457.14211,2.82097863,673,2020-03-09 00:00:00,26704.96235,"Sector: Retail, Residence: 6 years, City: Tokyo"
489292,Michael Wilson,Loan,27249.9281,1.230374247,469,2020-03-10 00:00:00,46531.91181,"Sector: Retail, Residence: 5 years, City: Berlin"
250484,John Martin,Checking,27978.62069,2.304746682,801,2020-03-11 00:00:00,10793.13882,"Sector: Technology, Residence: 7 years, City: Sydney"
547257,Patricia Miller,Credit,35737.7506,4.344418713,343,2020-03-12 00:00:00,10997.98534,"Sector: Technology, Residence: 15 years, City: Berlin"
752678,Barbara Anderson,Credit,32460.36823,2.628274686,821,2020-03-15 00:00:00,32446.98204,"Sector: Finance, Residence: 8 years, City: Tokyo"
794774,Michael Taylor,Loan,44989.91285,3.849129884,568,2020-03-16 00:00:00,19268.40767,"Sector: Finance, Residence: 16 years, City: Berlin"
124845,Elizabeth Moore,Credit,5346.813363,1.483641507,797,2020-03-17 00:00:00,11474.50954,"Sector: Healthcare, Residence: 6 years, City: Sydney"
820202,Charles Anderson,Credit,17986.04164,3.688697617,830,2020-03-18 00:00:00,18179.63674,"Sector: Education, Residence: 9 years, City: Tokyo"
733075,Michael Hernandez,Credit,31907.69933,4.664124295,567,2020-03-19 00:00:00,37710.38451,"Sector: Finance, Residence: 11 years, City: Sydney"
478475,William Garcia,Savings,26428.25939,4.010100295,824,2020-03-21 00:00:00,40951.7878,"Sector: Technology, Residence: 4 years, City: Berlin"
413035,Jessica Thomas,Loan,15366.22391,1.694627639,375,2020-03-22 00:00:00,25676.04541,"Sector: Healthcare, Residence: 20 years, City: Tokyo"
859997,Jennifer Taylor,Credit,16458.1101,2.031973778,315,2020-03-23 00:00:00,7742.336665,"Sector: Technology, Residence: 10 years, City: Sydney"
422499,John Smith,Checking,3112.473012,4.480434169,530,2020-03-24 00:00:00,30460.1292,"Sector: Education, Residence: 3 years, City: Tokyo"
488440,Mary Garcia,Savings,39151.43324,1.971788853,641,2020-03-25 00:00:00,49712.30958,"Sector: Healthcare, Residence: 16 years, City: Sydney"
879077,Joseph Williams,Savings,47361.72976,4.346571336,728,2020-03-26 00:00:00,14897.73563,"Sector: Finance, Residence: 12 years, City: Berlin"
522275,Mary Anderson,Savings,27853.71999,2.251656085,808,2020-03-27 00:00:00,7309.612827,"Sector: Finance, Residence: 2 years, City: New York"
841566,Joseph Johnson,Credit,9164.663933,2.907830654,383,2020-03-28 00:00:00,26867.07547,"Sector: Technology, Residence: 8 years, City: Berlin"
182086,Barbara Brown,Credit,25466.98072,1.439811002,348,2020-03-29 00:00:00,26367.48253,"Sector: Education, Residence: 1 years, City: Berlin"
282848,Jennifer Anderson,Loan,5018.01519,1.875317103,693,2020-03-30 00:00:00,29712.63817,"Sector: Retail, Residence: 18 years, City: Berlin"
555445,Sarah Taylor,Loan,1653.015836,0.636251206,732,2020-03-31 00:00:00,30104.35939,"Sector: Technology, Residence: 6 years, City: Berlin"
808573,John Garcia,Checking,14232.29203,1.459475896,396,2020-04-01 00:00:00,39062.8004,"Sector: Finance, Residence: 10 years, City: London"
933728,John Williams,Savings,45634.61814,3.302267651,612,2020-04-02 00:00:00,24648.73687,"Sector: Technology, Residence: 7 years, City: Berlin"
583223,Susan Miller,Loan,48380.25796,1.209249894,527,2020-04-03 00:00:00,5511.809271,"Sector: Finance, Residence: 12 years, City: Tokyo"
100268,Patricia Martinez,Checking,1295.106872,4.477121503,349,2020-04-04 00:00:00,25554.61654,"Sector: Retail, Residence: 17 years, City: New York"
232531,Elizabeth Davis,Credit,30779.94336,1.297882058,502,2020-04-05 00:00:00,28006.88067,"Sector: Retail, Residence: 17 years, City: Tokyo"
545627,Linda Lopez,Savings,34416.77879,2.258245312,653,2020-04-06 00:00:00,49299.96966,"Sector: Technology, Residence: 8 years, City: Sydney"
109474,Richard Rodriguez,Loan,7408.182903,3.00020048,811,2020-04-07 00:00:00,24305.93943,"Sector: Healthcare, Residence: 19 years, City: New York"
992035,James Taylor,Loan,43223.68956,1.183586505,327,2020-04-08 00:00:00,9663.275106,"Sector: Technology, Residence: 19 years, City: New York"
168462,Linda Anderson,Checking,24682.38141,1.148548121,686,2020-04-09 00:00:00,17969.22138,"Sector: Education, Residence: 13 years, City: Tokyo"
875193,Robert Davis,Checking,38642.93239,4.950598519,818,2020-04-12 00:00:00,33236.41304,"Sector: Retail, Residence: 12 years, City: Sydney"
803319,John Thomas,Savings,16760.57955,1.23044922,748,2020-04-13 00:00:00,42417.72623,"Sector: Technology, Residence: 19 years, City: London"
102194,Linda Smith,Credit,28165.81097,1.116116298,347,2020-04-14 00:00:00,5523.350176,"Sector: Education, Residence: 12 years, City: Tokyo"
246136,Charles Williams,Savings,16316.14469,3.497305938,470,2020-04-15 00:00:00,35458.70998,"Sector: Education, Residence: 5 years, City: Berlin"
640162,John Anderson,Checking,18674.89826,2.99200005,307,2020-04-16 00:00:00,20589.96093,"Sector: Finance, Residence: 12 years, City: Tokyo"
164039,Susan Lopez,Loan,34574.48963,3.278905513,771,2020-04-18 00:00:00,19571.85856,"Sector: Finance, Residence: 1 years, City: New York"
479052,John Smith,Checking,16516.96555,4.491981313,480,2020-04-19 00:00:00,11429.91643,"Sector: Education, Residence: 5 years, City: Sydney"
591704,Barbara Davis,Savings,27774.08526,2.920322321,808,2020-04-20 00:00:00,36483.71618,"Sector: Technology, Residence: 20 years, City: Tokyo"
160085,Jennifer Garcia,Savings,33595.97131,4.767411694,561,2020-04-21 00:00:00,40357.38974,"Sector: Healthcare, Residence: 1 years, City: London"
560576,Thomas Martin,Credit,26625.54157,3.571919571,616,2020-04-22 00:00:00,14591.50664,"Sector: Finance, Residence: 18 years, City: London"
511482,Susan Martin,Savings,13851.99157,1.610458032,760,2020-04-23 00:00:00,33279.69798,"Sector: Education, Residence: 10 years, City: London"
631617,Richard Davis,Savings,4249.048828,2.291941255,780,2020-04-24 00:00:00,26867.7839,"Sector: Retail, Residence: 10 years, City: Berlin"
720795,Michael Miller,Checking,5438.771646,3.227566966,836,2020-04-25 00:00:00,26528.01002,"Sector: Retail, Residence: 8 years, City: London"
491233,Michael Taylor,Credit,40845.69372,1.41292563,666,2020-04-26 00:00:00,11535.73985,"Sector: Technology, Residence: 8 years, City: Berlin"
546811,Sarah Davis,Checking,18996.66015,3.084392661,718,2020-04-27 00:00:00,22913.13391,"Sector: Education, Residence: 8 years, City: Berlin"
664674,Elizabeth Martin,Credit,22083.89604,2.629548101,758,2020-04-28 00:00:00,11306.52281,"Sector: Finance, Residence: 7 years, City: New York"
251672,Susan Martin,Loan,29763.42581,0.63067621,545,2020-04-29 00:00:00,27376.47212,"Sector: Technology, Residence: 13 years, City: New York"
508418,Richard Martinez,Credit,34060.8129,2.022798562,796,2020-04-30 00:00:00,19829.35354,"Sector: Retail, Residence: 6 years, City: London"
254514,James Smith,Loan,20202.48286,2.802235858,505,2020-05-01 00:00:00,23934.76932,"Sector: Healthcare, Residence: 18 years, City: Sydney"
860035,Richard Smith,Loan,6037.593811,1.934148572,729,2020-05-02 00:00:00,36425.03509,"Sector: Education, Residence: 16 years, City: London"
163107,Richard Garcia,Savings,19002.32298,4.517220724,730,2020-05-03 00:00:00,22686.82651,"Sector: Healthcare, Residence: 5 years, City: Tokyo"
306082,Thomas Jackson,Loan,25641.3169,4.408941354,606,2020-05-04 00:00:00,7802.005089,"Sector: Healthcare, Residence: 14 years, City: London"
327017,Mary Garcia,Checking,38151.19276,1.791927746,460,2020-05-05 00:00:00,27355.77195,"Sector: Retail, Residence: 4 years, City: New York"
795109,Thomas Anderson,Loan,4398.625511,2.616525901,735,2020-05-06 00:00:00,7606.657817,"Sector: Education, Residence: 4 years, City: Tokyo"
278036,Richard Martinez,Savings,22951.33238,0.844552752,483,2020-05-07 00:00:00,23068.37894,"Sector: Healthcare, Residence: 7 years, City: Berlin"
952259,David Martinez,Savings,30820.44356,3.850278035,704,2020-05-08 00:00:00,29979.37496,"Sector: Finance, Residence: 2 years, City: New York"
830129,Thomas Brown,Savings,21543.6783,1.680221263,370,2020-05-10 00:00:00,18936.60552,"Sector: Education, Residence: 1 years, City: Sydney"
340533,Karen Anderson,Checking,19702.76018,2.479072364,652,2020-05-11 00:00:00,34728.33509,"Sector: Education, Residence: 4 years, City: Berlin"
473801,Linda Rodriguez,Credit,33780.08422,2.588914767,737,2020-05-12 00:00:00,40222.00876,"Sector: Retail, Residence: 10 years, City: Tokyo"
771011,Michael Moore,Credit,7735.942328,1.406599678,555,2020-05-14 00:00:00,45248.01054,"Sector: Retail, Residence: 1 years, City: London"
679169,Richard Smith,Checking,39472.65529,2.919789919,817,2020-05-15 00:00:00,43403.1689,"Sector: Retail, Residence: 6 years, City: Berlin"
539827,Jessica Moore,Checking,30900.71226,3.605639222,779,2020-05-16 00:00:00,24748.01511,"Sector: Healthcare, Residence: 19 years, City: Berlin"
995615,Sarah Wilson,Savings,11212.30383,0.559856198,779,2020-05-17 00:00:00,11009.65696,"Sector: Retail, Residence: 12 years, City: London"
393230,Richard Jones,Loan,27956.67299,4.709341115,424,2020-05-18 00:00:00,29413.63714,"Sector: Retail, Residence: 17 years, City: Tokyo"
257222,Mary Williams,Savings,9678.094932,2.285939537,839,2020-05-19 00:00:00,8430.196149,"Sector: Healthcare, Residence: 2 years, City: Sydney"
309277,Mary Garcia,Checking,41462.79263,3.092396359,317,2020-05-20 00:00:00,23216.36656,"Sector: Retail, Residence: 5 years, City: Sydney"
705974,Jennifer Anderson,Savings,47715.96335,1.802541137,407,2020-05-21 00:00:00,19574.94125,"Sector: Healthcare, Residence: 12 years, City: New York"
439467,Thomas Jackson,Loan,11946.43602,2.559325461,415,2020-05-22 00:00:00,26898.73516,"Sector: Education, Residence: 1 years, City: Sydney"
390421,Susan Hernandez,Savings,28572.02903,4.034093411,518,2020-05-23 00:00:00,21406.24262,"Sector: Retail, Residence: 9 years, City: Tokyo"
105468,Charles Brown,Savings,39282.27559,1.39945964,567,2020-05-24 00:00:00,28100.45802,"Sector: Retail, Residence: 13 years, City: New York"
553637,Susan Martinez,Savings,13747.6033,1.507991156,799,2020-05-26 00:00:00,30971.99313,"Sector: Retail, Residence: 6 years, City: Sydney"
857976,Richard Gonzalez,Credit,49567.26031,3.776646606,672,2020-05-27 00:00:00,39321.64108,"Sector: Finance, Residence: 2 years, City: Berlin"
755110,Joseph Gonzalez,Credit,17277.03804,2.85111454,737,2020-05-29 00:00:00,17047.6639,"Sector: Finance, Residence: 6 years, City: Berlin"
248540,Mary Taylor,Checking,44294.33904,3.502961962,644,2020-05-30 00:00:00,12879.09469,"Sector: Retail, Residence: 3 years, City: New York"
581771,Robert Jones,Credit,33718.17144,3.540448638,314,2020-05-31 00:00:00,5443.595124,"Sector: Finance, Residence: 6 years, City: Sydney"
825566,Karen Jackson,Credit,34656.13898,1.731852807,575,2020-06-01 00:00:00,37443.15969,"Sector: Healthcare, Residence: 12 years, City: Sydney"
637522,Mary Martin,Savings,41501.73211,4.112502852,746,2020-06-02 00:00:00,29143.58353,"Sector: Healthcare, Residence: 3 years, City: New York"
290741,Patricia Garcia,Savings,40336.99387,4.659340774,611,2020-06-03 00:00:00,30534.26806,"Sector: Finance, Residence: 17 years, City: Tokyo"
944863,Elizabeth Wilson,Savings,47800.52815,0.681941287,746,2020-06-04 00:00:00,40774.33112,"Sector: Education, Residence: 3 years, City: Berlin"
500508,Richard Brown,Credit,19587.90945,1.738965505,462,2020-06-05 00:00:00,36797.48434,"Sector: Education, Residence: 8 years, City: Berlin"
197475,Jessica Williams,Credit,33487.28594,4.582801637,370,2020-06-06 00:00:00,38482.98945,"Sector: Healthcare, Residence: 11 years, City: London"
742143,Charles Taylor,Loan,20494.91301,2.069647155,766,2020-06-07 00:00:00,6932.762174,"Sector: Healthcare, Residence: 16 years, City: New York"
422971,Thomas Thomas,Credit,11582.06211,4.664543157,584,2020-06-09 00:00:00,25835.40758,"Sector: Healthcare, Residence: 15 years, City: Sydney"
140388,Patricia Jackson,Loan,26414.30011,3.810447499,619,2020-06-10 00:00:00,7441.962616,"Sector: Retail, Residence: 18 years, City: New York"
130174,Joseph Taylor,Savings,31945.68296,0.840614052,326,2020-06-11 00:00:00,16159.05238,"Sector: Technology, Residence: 16 years, City: London"
320218,Thomas Martin,Credit,45648.47242,3.003381864,619,2020-06-12 00:00:00,19778.65365,"Sector: Technology, Residence: 3 years, City: Tokyo"
664844,Joseph Lopez,Savings,18383.8136,2.824841538,637,2020-06-13 00:00:00,45116.66393,"Sector: Retail, Residence: 4 years, City: Tokyo"
380815,Linda Taylor,Savings,16590.50766,0.621750394,591,2020-06-14 00:00:00,40290.17743,"Sector: Technology, Residence: 18 years, City: London"
566565,Mary Martinez,Savings,47131.6331,2.628832463,709,2020-06-15 00:00:00,9788.261536,"Sector: Retail, Residence: 8 years, City: London"
487972,John Jackson,Checking,32396.0204,4.332166512,830,2020-06-16 00:00:00,7877.028602,"Sector: Education, Residence: 16 years, City: New York"
670220,William Williams,Savings,29533.60994,1.976202417,758,2020-06-17 00:00:00,44030.89487,"Sector: Education, Residence: 15 years, City: Tokyo"
199241,Thomas Rodriguez,Loan,21303.79934,0.648547585,497,2020-06-18 00:00:00,16711.21204,"Sector: Retail, Residence: 20 years, City: Sydney"
438736,Karen Jackson,Savings,17385.00843,4.040947737,804,2020-06-19 00:00:00,31649.11623,"Sector: Healthcare, Residence: 19 years, City: London"
364822,Susan Gonzalez,Loan,49258.75931,4.89101621,491,2020-06-20 00:00:00,44636.46752,"Sector: Finance, Residence: 10 years, City: Sydney"
485394,Thomas Gonzalez,Savings,13350.71737,3.797010505,556,2020-06-22 00:00:00,11370.28656,"Sector: Education, Residence: 20 years, City: Tokyo"
626497,Richard Jackson,Savings,15476.70082,1.504703371,383,2020-06-23 00:00:00,36734.12734,"Sector: Technology, Residence: 2 years, City: Berlin"
424660,Thomas Smith,Loan,32274.94938,2.399913563,536,2020-06-24 00:00:00,29367.02575,"Sector: Education, Residence: 20 years, City: London"
243295,Michael Williams,Checking,40721.81903,1.037182537,393,2020-06-26 00:00:00,30018.01728,"Sector: Finance, Residence: 7 years, City: Berlin"
231592,Joseph Martin,Loan,19602.88661,3.439990764,791,2020-06-27 00:00:00,39245.86363,"Sector: Healthcare, Residence: 14 years, City: New York"
341941,Sarah Garcia,Credit,18678.81032,3.430636885,387,2020-06-28 00:00:00,14155.2672,"Sector: Education, Residence: 4 years, City: London"
854690,Jennifer Rodriguez,Checking,17071.74346,3.260819706,631,2020-06-30 00:00:00,21238.87548,"Sector: Retail, Residence: 15 years, City: Sydney"
669707,Susan Davis,Credit,1041.798217,4.082768849,765,2020-07-01 00:00:00,19713.67519,"Sector: Healthcare, Residence: 4 years, City: Sydney"
385921,John Gonzalez,Credit,3830.298444,2.38438643,764,2020-07-02 00:00:00,18467.44956,"Sector: Education, Residence: 4 years, City: Sydney"
713728,John Martin,Credit,44291.83384,4.132539821,661,2020-07-03 00:00:00,29833.58772,"Sector: Finance, Residence: 1 years, City: London"
315254,Richard Johnson,Loan,17041.35413,1.278390415,444,2020-07-04 00:00:00,7498.104168,"Sector: Retail, Residence: 20 years, City: Sydney"
509971,Barbara Anderson,Savings,45440.3891,0.683905721,527,2020-07-06 00:00:00,20375.65591,"Sector: Finance, Residence: 17 years, City: New York"
990289,Patricia Hernandez,Checking,19069.32066,2.226534785,620,2020-07-07 00:00:00,48325.20958,"Sector: Education, Residence: 3 years, City: Sydney"
333602,David Smith,Savings,2552.352424,3.103729032,355,2020-07-08 00:00:00,11616.832,"Sector: Healthcare, Residence: 17 years, City: London"
697456,James Miller,Savings,13899.87447,0.5602416,462,2020-07-10 00:00:00,26047.51254,"Sector: Education, Residence: 6 years, City: New York"
612423,Patricia Williams,Loan,5660.139401,2.336172975,751,2020-07-11 00:00:00,41906.80713,"Sector: Retail, Residence: 13 years, City: Sydney"
612737,Linda Moore,Checking,28865.51188,1.519424212,732,2020-07-12 00:00:00,31839.41415,"Sector: Education, Residence: 6 years, City: Tokyo"
557977,John Davis,Savings,36957.39153,4.454145666,482,2020-07-13 00:00:00,9659.689662,"Sector: Education, Residence: 18 years, City: Tokyo"
595355,Karen Hernandez,Checking,43110.81983,0.938823161,819,2020-07-14 00:00:00,38357.92982,"Sector: Education, Residence: 2 years, City: Sydney"
996071,Karen Miller,Credit,29497.72784,3.874453322,610,2020-07-15 00:00:00,16054.67893,"Sector: Retail, Residence: 17 years, City: Berlin"
959316,Susan Thomas,Credit,13124.10468,3.348017133,478,2020-07-16 00:00:00,20962.79623,"Sector: Healthcare, Residence: 15 years, City: Berlin"
615922,Elizabeth Martin,Savings,49962.61851,4.59102857,419,2020-07-17 00:00:00,18984.49722,"Sector: Finance, Residence: 9 years, City: Berlin"
718115,Thomas Anderson,Credit,1238.608822,2.786675184,366,2020-07-18 00:00:00,34543.45252,"Sector: Education, Residence: 20 years, City: London"
653358,Karen Jackson,Savings,45276.77905,2.620943352,826,2020-07-20 00:00:00,17210.05755,"Sector: Education, Residence: 16 years, City: Tokyo"
983391,Robert Johnson,Savings,7226.069828,1.51302906,767,2020-07-21 00:00:00,40223.51623,"Sector: Technology, Residence: 8 years, City: Tokyo"
925146,Susan Johnson,Loan,32923.32079,4.537396246,462,2020-07-22 00:00:00,19265.23561,"Sector: Education, Residence: 5 years, City: New York"
541510,Jessica Rodriguez,Credit,44618.89051,4.112007868,529,2020-07-23 00:00:00,8547.77026,"Sector: Technology, Residence: 11 years, City: New York"
934299,Sarah Wilson,Loan,16425.56967,2.091104211,321,2020-07-24 00:00:00,20955.77654,"Sector: Retail, Residence: 1 years, City: Sydney"
717169,Richard Moore,Credit,499.4097736,3.641382366,330,2020-07-25 00:00:00,22726.67673,"Sector: Finance, Residence: 3 years, City: Berlin"
902774,Mary Williams,Savings,10383.38988,2.262115294,548,2020-07-26 00:00:00,16305.00886,"Sector: Healthcare, Residence: 11 years, City: London"
266628,Jessica Anderson,Checking,35604.21362,2.774859085,570,2020-07-27 00:00:00,41561.24362,"Sector: Healthcare, Residence: 7 years, City: Berlin"
458817,Susan Smith,Loan,40402.7756,1.964975854,666,2020-07-28 00:00:00,15141.68062,"Sector: Technology, Residence: 18 years, City: Sydney"
946555,Charles Smith,Credit,16594.62202,2.912458251,638,2020-07-29 00:00:00,48358.09326,"Sector: Retail, Residence: 6 years, City: Sydney"
795997,Mary Rodriguez,Savings,45664.7532,4.313649581,607,2020-07-30 00:00:00,30875.72064,"Sector: Technology, Residence: 4 years, City: New York"
315929,Barbara Garcia,Loan,1845.630515,2.85789636,357,2020-08-01 00:00:00,44535.49991,"Sector: Healthcare, Residence: 15 years, City: Tokyo"
527947,Susan Garcia,Loan,24694.17279,3.29586414,446,2020-08-02 00:00:00,8873.429356,"Sector: Healthcare, Residence: 12 years, City: London"
123228,James Smith,Loan,26449.76052,3.652742054,366,2020-08-03 00:00:00,12621.32862,"Sector: Retail, Residence: 20 years, City: London"
273833,James Martinez,Loan,32003.43461,3.023927836,556,2020-08-04 00:00:00,16711.23749,"Sector: Education, Residence: 18 years, City: London"
284295,David Smith,Loan,36849.0661,0.779235174,424,2020-08-05 00:00:00,8619.371306,"Sector: Technology, Residence: 7 years, City: London"
137059,Jessica Taylor,Checking,17631.63532,0.636317046,315,2020-08-06 00:00:00,25649.572,"Sector: Finance, Residence: 9 years, City: Tokyo"
584733,Linda Thomas,Savings,43859.11659,1.004965351,516,2020-08-07 00:00:00,19068.49787,"Sector: Retail, Residence: 19 years, City: Tokyo"
100876,Elizabeth Anderson,Loan,40929.92722,4.325390614,316,2020-08-08 00:00:00,49394.81622,"Sector: Finance, Residence: 15 years, City: Berlin"
959008,Michael Williams,Savings,45094.21129,1.332603794,821,2020-08-09 00:00:00,45333.55678,"Sector: Technology, Residence: 18 years, City: London"
807480,Linda Smith,Savings,22520.79035,1.641851296,557,2020-08-10 00:00:00,15879.65163,"Sector: Technology, Residence: 12 years, City: Sydney"
845733,James Lopez,Checking,15652.26751,2.680677564,431,2020-08-12 00:00:00,41369.3278,"Sector: Finance, Residence: 8 years, City: Sydney"
798753,Karen Hernandez,Checking,43060.03145,1.703976594,349,2020-08-13 00:00:00,49200.51473,"Sector: Healthcare, Residence: 4 years, City: Tokyo"
300103,James Williams,Loan,31504.83531,4.691525644,718,2020-08-14 00:00:00,32380.35859,"Sector: Finance, Residence: 7 years, City: London"
236383,Thomas Miller,Checking,6116.612934,3.776344403,381,2020-08-15 00:00:00,26940.66206,"Sector: Education, Residence: 1 years, City: London"
431346,Robert Williams,Checking,26852.44951,4.6349134,559,2020-08-16 00:00:00,17879.08097,"Sector: Retail, Residence: 10 years, City: London"
944342,Sarah Lopez,Savings,20264.98605,3.436437281,636,2020-08-17 00:00:00,19512.64278,"Sector: Retail, Residence: 1 years, City: Berlin"
935337,Joseph Jones,Checking,27306.38114,1.664657906,733,2020-08-19 00:00:00,35203.01596,"Sector: Technology, Residence: 4 years, City: Sydney"
158105,Thomas Lopez,Savings,4944.234716,1.061165151,587,2020-08-20 00:00:00,37815.61911,"Sector: Finance, Residence: 9 years, City: Sydney"
951910,Michael Davis,Savings,5774.962363,2.780616589,798,2020-08-21 00:00:00,25320.8406,"Sector: Education, Residence: 5 years, City: Sydney"
875648,James Jones,Credit,40694.70407,1.515608583,824,2020-08-22 00:00:00,22745.73941,"Sector: Retail, Residence: 11 years, City: Sydney"
127491,Sarah Garcia,Checking,44932.61998,2.422259303,398,2020-08-23 00:00:00,15969.77639,"Sector: Technology, Residence: 18 years, City: New York"
280534,Elizabeth Brown,Checking,31827.0198,3.607074069,623,2020-08-24 00:00:00,40147.56676,"Sector: Healthcare, Residence: 7 years, City: Berlin"
195020,Karen Martin,Loan,39077.70238,3.41482409,497,2020-08-25 00:00:00,22480.79214,"Sector: Technology, Residence: 17 years, City: Berlin"
379644,Richard Miller,Savings,459.4032208,4.436799233,489,2020-08-26 00:00:00,6242.107081,"Sector: Healthcare, Residence: 13 years, City: New York"
493503,Barbara Jones,Savings,8711.057229,2.106926903,583,2020-08-27 00:00:00,30074.65429,"Sector: Retail, Residence: 11 years, City: Berlin"
712210,Barbara Lopez,Savings,18670.48733,2.694579228,837,2020-08-28 00:00:00,26245.0155,"Sector: Technology, Residence: 6 years, City: Sydney"
654852,John Jones,Loan,46696.19541,4.172223907,673,2020-08-29 00:00:00,5268.56972,"Sector: Finance, Residence: 10 years, City: Tokyo"
766598,Joseph Jones,Savings,17391.03203,1.803603228,586,2020-08-30 00:00:00,49693.86701,"Sector: Finance, Residence: 4 years, City: New York"
286966,Jessica Martin,Loan,40250.92252,0.827869041,501,2020-09-01 00:00:00,6730.844234,"Sector: Education, Residence: 4 years, City: Tokyo"
284255,Elizabeth Miller,Savings,7194.047404,0.651483111,315,2020-09-02 00:00:00,17701.40197,"Sector: Finance, Residence: 7 years, City: Sydney"
376069,Elizabeth Anderson,Credit,30691.80992,0.992766925,555,2020-09-03 00:00:00,15604.17318,"Sector: Healthcare, Residence: 4 years, City: Tokyo"
623976,John Gonzalez,Loan,37010.35366,3.659482509,518,2020-09-04 00:00:00,16846.12069,"Sector: Technology, Residence: 12 years, City: London"
410827,Robert Smith,Checking,2768.221073,4.323964677,571,2020-09-06 00:00:00,43410.12887,"Sector: Technology, Residence: 8 years, City: Berlin"
817886,David Martin,Checking,8317.006268,2.471243603,502,2020-09-07 00:00:00,45692.18722,"Sector: Retail, Residence: 13 years, City: Tokyo"
673166,Susan Garcia,Checking,21900.4339,1.872094195,651,2020-09-08 00:00:00,20565.84989,"Sector: Finance, Residence: 6 years, City: Berlin"
805682,Susan Anderson,Loan,13454.38217,2.478323731,621,2020-09-09 00:00:00,15775.7636,"Sector: Technology, Residence: 1 years, City: Tokyo"
275431,William Lopez,Savings,34032.65863,3.736908709,311,2020-09-10 00:00:00,36372.76557,"Sector: Retail, Residence: 9 years, City: London"
641070,James Lopez,Loan,9217.533839,1.718831777,302,2020-09-13 00:00:00,47618.29862,"Sector: Healthcare, Residence: 6 years, City: London"
545058,Linda Gonzalez,Loan,9576.869635,4.552317326,845,2020-09-14 00:00:00,28801.7973,"Sector: Healthcare, Residence: 8 years, City: Berlin"
326344,Sarah Johnson,Checking,14639.41303,2.665114913,591,2020-09-15 00:00:00,31594.9855,"Sector: Finance, Residence: 16 years, City: Sydney"
119118,Charles Williams,Checking,18217.57341,1.605386385,579,2020-09-16 00:00:00,43874.67338,"Sector: Finance, Residence: 7 years, City: Sydney"
169383,David Martinez,Credit,16244.19351,0.618152853,686,2020-09-17 00:00:00,19293.66805,"Sector: Retail, Residence: 13 years, City: New York"
303489,Mary Smith,Loan,46326.63488,3.387918076,488,2020-09-18 00:00:00,24215.01791,"Sector: Education, Residence: 5 years, City: Tokyo"
501846,Sarah Martinez,Checking,24078.77273,3.871021039,676,2020-09-19 00:00:00,21588.21501,"Sector: Retail, Residence: 7 years, City: Sydney"
855124,William Wilson,Savings,11874.18637,2.724407394,398,2020-09-23 00:00:00,23931.88182,"Sector: Retail, Residence: 20 years, City: Sydney"
758095,Barbara Moore,Credit,30620.91982,4.284987254,675,2020-09-24 00:00:00,26065.31908,"Sector: Technology, Residence: 6 years, City: New York"
303233,Patricia Thomas,Credit,43151.74297,2.473936127,733,2020-09-25 00:00:00,37503.0777,"Sector: Healthcare, Residence: 1 years, City: Tokyo"
202666,Jessica Martinez,Credit,7865.313828,3.488395474,676,2020-09-26 00:00:00,17513.68895,"Sector: Technology, Residence: 6 years, City: London"
621849,Richard Wilson,Loan,18246.70941,4.045736011,793,2020-09-27 00:00:00,30450.99282,"Sector: Education, Residence: 7 years, City: Tokyo"
421982,Jessica Taylor,Savings,49678.62386,2.245882883,490,2020-09-28 00:00:00,21071.55227,"Sector: Healthcare, Residence: 10 years, City: New York"
873344,Linda Davis,Loan,27501.74407,4.833392138,315,2020-09-29 00:00:00,13507.59954,"Sector: Retail, Residence: 8 years, City: New York"
641674,Jennifer Jackson,Credit,21990.57507,1.263217067,727,2020-09-30 00:00:00,35911.81363,"Sector: Healthcare, Residence: 20 years, City: New York"
752140,Susan Rodriguez,Savings,40926.08942,0.813180455,566,2020-10-01 00:00:00,5874.91326,"Sector: Technology, Residence: 5 years, City: Sydney"
400753,Richard Martin,Credit,6511.506068,4.859676905,554,2020-10-02 00:00:00,18772.02424,"Sector: Education, Residence: 18 years, City: New York"
306606,Patricia Anderson,Savings,49011.07736,0.831770299,558,2020-10-03 00:00:00,25298.18687,"Sector: Healthcare, Residence: 13 years, City: Sydney"
153808,Robert Miller,Loan,15021.74366,1.863638121,814,2020-10-04 00:00:00,19453.8279,"Sector: Retail, Residence: 19 years, City: New York"
816140,Thomas Wilson,Savings,28730.94483,0.815130274,389,2020-10-05 00:00:00,10005.52646,"Sector: Healthcare, Residence: 1 years, City: Sydney"
483271,David Smith,Checking,47156.93093,1.939491853,801,2020-10-06 00:00:00,25468.25358,"Sector: Healthcare, Residence: 15 years, City: New York"
107687,Jessica Taylor,Checking,18717.21273,3.633551755,605,2020-10-07 00:00:00,47294.45719,"Sector: Education, Residence: 14 years, City: Sydney"
740062,Richard Hernandez,Loan,36991.79304,4.290827054,702,2020-10-08 00:00:00,13610.14273,"Sector: Technology, Residence: 2 years, City: London"
200570,John Rodriguez,Credit,3380.126094,3.729920297,745,2020-10-09 00:00:00,45289.45872,"Sector: Retail, Residence: 19 years, City: Tokyo"
764043,Jessica Miller,Savings,47588.30831,3.751440967,533,2020-10-10 00:00:00,27445.25999,"Sector: Retail, Residence: 20 years, City: Berlin"
528230,William Anderson,Credit,39285.67667,3.513465558,791,2020-10-11 00:00:00,40548.21682,"Sector: Technology, Residence: 19 years, City: Sydney"
593137,Charles Moore,Credit,17333.73238,0.746152449,693,2020-10-12 00:00:00,37640.01232,"Sector: Healthcare, Residence: 1 years, City: London"
278581,Robert Gonzalez,Checking,41058.97644,0.71268772,548,2020-10-13 00:00:00,25495.7649,"Sector: Retail, Residence: 5 years, City: London"
682076,James Jackson,Checking,23300.70507,3.310476286,810,2020-10-14 00:00:00,35302.53092,"Sector: Technology, Residence: 4 years, City: Sydney"
764728,Robert Wilson,Checking,46664.94961,4.254186169,586,2020-10-15 00:00:00,15011.13241,"Sector: Education, Residence: 18 years, City: Berlin"
261457,David Rodriguez,Checking,41409.72749,2.247825554,519,2020-10-16 00:00:00,19988.25588,"Sector: Finance, Residence: 20 years, City: London"
369104,Patricia Martinez,Savings,13295.42941,1.634643659,717,2020-10-17 00:00:00,22783.4975,"Sector: Retail, Residence: 14 years, City: Berlin"
729216,Joseph Gonzalez,Checking,49233.70977,0.583985163,626,2020-10-18 00:00:00,19332.13006,"Sector: Finance, Residence: 14 years, City: New York"
452361,William Anderson,Savings,19634.45762,3.043407709,796,2020-10-19 00:00:00,6140.992341,"Sector: Retail, Residence: 1 years, City: Berlin"
332443,Robert Jones,Loan,31198.28727,1.858750893,501,2020-10-20 00:00:00,26950.93294,"Sector: Technology, Residence: 15 years, City: Tokyo"
685995,David Anderson,Credit,836.1600214,4.160964602,801,2020-10-21 00:00:00,13491.18598,"Sector: Healthcare, Residence: 8 years, City: Sydney"
691855,David Johnson,Credit,24558.86158,1.882260191,764,2020-10-22 00:00:00,6772.194548,"Sector: Technology, Residence: 8 years, City: Sydney"
275654,Thomas Williams,Loan,45976.04057,1.742407996,805,2020-10-23 00:00:00,12373.85255,"Sector: Technology, Residence: 12 years, City: Sydney"
410628,Mary Lopez,Checking,14474.15325,4.409721836,480,2020-10-26 00:00:00,39947.81975,"Sector: Finance, Residence: 11 years, City: Tokyo"
380465,Mary Williams,Savings,41199.64122,1.509757252,731,2020-10-27 00:00:00,49612.08666,"Sector: Education, Residence: 13 years, City: Berlin"
118749,Barbara Lopez,Credit,4143.094836,1.204123107,693,2020-10-28 00:00:00,11066.73003,"Sector: Finance, Residence: 10 years, City: Tokyo"
233172,Thomas Garcia,Credit,30340.69891,1.806105413,706,2020-10-29 00:00:00,45551.95532,"Sector: Technology, Residence: 12 years, City: Tokyo"
370444,David Thomas,Savings,29791.18406,2.046826277,446,2020-10-30 00:00:00,25477.38017,"Sector: Finance, Residence: 3 years, City: New York"
825670,Charles Gonzalez,Checking,36972.1215,0.674998436,614,2020-10-31 00:00:00,22347.23531,"Sector: Retail, Residence: 13 years, City: Tokyo"
941230,William Davis,Checking,36383.75518,1.064773088,389,2020-11-01 00:00:00,20813.27268,"Sector: Healthcare, Residence: 4 years, City: Sydney"
690503,Joseph Anderson,Loan,18062.97165,1.391097843,335,2020-11-02 00:00:00,26438.73927,"Sector: Healthcare, Residence: 1 years, City: Berlin"
630163,Robert Martin,Credit,13091.48412,1.065393099,797,2020-11-03 00:00:00,9464.908404,"Sector: Healthcare, Residence: 14 years, City: London"
988817,Jennifer Smith,Savings,19108.62296,3.316579235,362,2020-11-04 00:00:00,10655.90905,"Sector: Retail, Residence: 2 years, City: Tokyo"
988691,Barbara Miller,Checking,4588.230942,2.699570287,305,2020-11-05 00:00:00,48432.58106,"Sector: Healthcare, Residence: 11 years, City: New York"
566909,Jennifer Rodriguez,Checking,32633.054,2.384107057,556,2020-11-06 00:00:00,33494.45378,"Sector: Healthcare, Residence: 20 years, City: Tokyo"
855270,Robert Wilson,Credit,20215.54012,0.502032369,518,2020-11-07 00:00:00,34253.8395,"Sector: Retail, Residence: 11 years, City: Sydney"
164045,Jennifer Davis,Savings,12995.33837,4.971008768,670,2020-11-08 00:00:00,17571.03419,"Sector: Retail, Residence: 14 years, City: Tokyo"
802815,Barbara Jones,Credit,4400.886308,3.734190049,741,2020-11-09 00:00:00,21998.02892,"Sector: Education, Residence: 6 years, City: Sydney"
990272,Michael Davis,Checking,3644.113408,1.177273873,666,2020-11-10 00:00:00,6685.730751,"Sector: Finance, Residence: 18 years, City: London"
913072,David Gonzalez,Checking,48376.87925,3.827066994,849,2020-11-12 00:00:00,23957.08007,"Sector: Technology, Residence: 17 years, City: Berlin"
205576,Susan Taylor,Savings,13506.26043,2.722562153,653,2020-11-13 00:00:00,11933.04578,"Sector: Retail, Residence: 18 years, City: New York"
338593,John Gonzalez,Credit,35506.07886,1.337058218,713,2020-11-14 00:00:00,15964.76011,"Sector: Education, Residence: 8 years, City: Berlin"
339215,William Smith,Credit,30753.51769,3.202239153,417,2020-11-15 00:00:00,49713.01353,"Sector: Retail, Residence: 4 years, City: London"
546973,Barbara Jones,Savings,48511.03752,3.004145891,666,2020-11-16 00:00:00,22869.98431,"Sector: Education, Residence: 17 years, City: Tokyo"
727250,James Johnson,Credit,47492.83952,2.30186755,599,2020-11-17 00:00:00,34090.64505,"Sector: Education, Residence: 19 years, City: London"
629001,Robert Jackson,Credit,40729.8425,0.537909425,471,2020-11-19 00:00:00,36115.45975,"Sector: Finance, Residence: 15 years, City: New York"
247818,Karen Johnson,Checking,43737.89976,1.08006762,624,2020-11-20 00:00:00,23480.25179,"Sector: Technology, Residence: 16 years, City: Sydney"
578696,Michael Brown,Credit,28714.09345,1.641959181,521,2020-11-23 00:00:00,30669.5583,"Sector: Technology, Residence: 3 years, City: Berlin"
652506,James Anderson,Checking,16530.73053,3.969865296,338,2020-11-24 00:00:00,23813.64393,"Sector: Technology, Residence: 8 years, City: Berlin"
931922,Karen Martin,Checking,31840.88813,4.08927365,602,2020-11-26 00:00:00,44436.47845,"Sector: Retail, Residence: 9 years, City: Sydney"
695220,Karen Martinez,Checking,27553.54554,4.279078271,420,2020-11-27 00:00:00,26876.51857,"Sector: Finance, Residence: 11 years, City: London"
104796,Charles Hernandez,Checking,14831.37125,2.976943872,300,2020-11-28 00:00:00,35530.82595,"Sector: Finance, Residence: 7 years, City: Berlin"
611355,Jessica Hernandez,Checking,15305.6581,0.685568124,530,2020-11-29 00:00:00,49507.93286,"Sector: Technology, Residence: 8 years, City: Tokyo"
314513,Elizabeth Brown,Savings,13260.29545,2.406267146,725,2020-11-30 00:00:00,9105.71875,"Sector: Finance, Residence: 8 years, City: Berlin"
821592,Mary Thomas,Loan,8017.646338,4.683024638,723,2020-12-01 00:00:00,31123.90514,"Sector: Healthcare, Residence: 16 years, City: Tokyo"
324280,Linda Jackson,Checking,23983.19017,2.205932196,609,2020-12-02 00:00:00,13872.06576,"Sector: Technology, Residence: 6 years, City: Sydney"
616367,Joseph Moore,Checking,27699.35268,3.476973716,741,2020-12-03 00:00:00,12014.74608,"Sector: Education, Residence: 4 years, City: Tokyo"
302619,Linda Williams,Checking,2744.122368,1.648387317,364,2020-12-04 00:00:00,43969.31146,"Sector: Technology, Residence: 12 years, City: Tokyo"
624735,Jennifer Jackson,Loan,18466.38611,0.654470128,383,2020-12-06 00:00:00,7022.245834,"Sector: Education, Residence: 14 years, City: Tokyo"
814981,Robert Jackson,Loan,31495.07466,1.104020103,413,2020-12-07 00:00:00,47807.14513,"Sector: Retail, Residence: 10 years, City: New York"
539316,Patricia Davis,Checking,35013.10287,3.820586414,426,2020-12-08 00:00:00,47163.24339,"Sector: Finance, Residence: 13 years, City: Tokyo"
139364,Richard Williams,Loan,5985.514191,3.854666002,818,2020-12-10 00:00:00,42643.82247,"Sector: Healthcare, Residence: 8 years, City: London"
825214,David Miller,Credit,42229.56043,0.826290694,512,2020-12-11 00:00:00,11474.71144,"Sector: Technology, Residence: 4 years, City: Sydney"
104716,Karen Taylor,Credit,24824.46057,4.203796855,446,2020-12-12 00:00:00,14668.3162,"Sector: Healthcare, Residence: 12 years, City: New York"
521287,William Jackson,Savings,43737.86594,2.613106528,387,2020-12-13 00:00:00,31332.91699,"Sector: Healthcare, Residence: 8 years, City: London"
326789,Elizabeth Brown,Savings,10972.79159,0.531293367,719,2020-12-14 00:00:00,39218.13047,"Sector: Education, Residence: 4 years, City: Sydney"
783441,Linda Jackson,Credit,10168.1542,0.922049878,801,2020-12-15 00:00:00,48303.38627,"Sector: Technology, Residence: 8 years, City: London"
169900,Michael Anderson,Credit,27915.48082,3.770482105,384,2020-12-17 00:00:00,28039.51465,"Sector: Education, Residence: 16 years, City: Berlin"
247696,Robert Davis,Credit,16438.67905,2.322327291,847,2020-12-18 00:00:00,20993.95733,"Sector: Technology, Residence: 1 years, City: Sydney"
777663,Susan Martinez,Loan,23510.85783,1.305979866,464,2020-12-19 00:00:00,11987.1923,"Sector: Healthcare, Residence: 17 years, City: New York"
468000,Linda Lopez,Loan,50.97685158,1.136609157,522,2020-12-20 00:00:00,38667.40191,"Sector: Technology, Residence: 16 years, City: London"
303093,Susan Jackson,Loan,8863.282225,4.442660227,607,2020-12-21 00:00:00,38100.35313,"Sector: Education, Residence: 18 years, City: Tokyo"
206174,John Smith,Savings,16735.14524,3.002275142,588,2020-12-22 00:00:00,20377.41221,"Sector: Retail, Residence: 13 years, City: London"
171744,James Wilson,Credit,15868.00375,1.50398841,636,2020-12-23 00:00:00,28541.25705,"Sector: Finance, Residence: 1 years, City: Sydney"
967018,Susan Wilson,Loan,29247.01329,3.291188799,507,2020-12-24 00:00:00,12239.85991,"Sector: Finance, Residence: 11 years, City: Berlin"
991737,Charles Wilson,Savings,35098.08011,2.612406237,535,2020-12-25 00:00:00,30576.51288,"Sector: Finance, Residence: 11 years, City: Tokyo"
724712,William Davis,Checking,5648.19022,4.505953351,472,2020-12-26 00:00:00,28622.56714,"Sector: Education, Residence: 17 years, City: New York"
950770,Robert Anderson,Loan,832.5577619,3.446120827,590,2020-12-28 00:00:00,40723.54103,"Sector: Education, Residence: 17 years, City: Berlin"
250802,Sarah Anderson,Savings,48850.466,0.974840184,500,2020-12-29 00:00:00,5761.545174,"Sector: Technology, Residence: 18 years, City: Tokyo"
719629,Elizabeth Smith,Loan,12264.17659,2.460538467,427,2020-12-30 00:00:00,8823.581821,"Sector: Retail, Residence: 10 years, City: Berlin"
290842,James Moore,Loan,28955.23012,3.097569849,824,2020-12-31 00:00:00,37604.159,"Sector: Retail, Residence: 18 years, City: Berlin"
750787,William Smith,Checking,167.8721221,3.19932575,468,2021-01-02 00:00:00,24796.00398,"Sector: Healthcare, Residence: 20 years, City: Berlin"
196646,Thomas Lopez,Credit,43319.64946,2.119301571,574,2021-01-03 00:00:00,41639.62793,"Sector: Finance, Residence: 9 years, City: Sydney"
559443,Charles Smith,Credit,37005.31737,3.622321509,532,2021-01-04 00:00:00,12491.14281,"Sector: Technology, Residence: 10 years, City: Tokyo"
109038,Michael Jones,Checking,18458.47933,2.704371225,768,2021-01-05 00:00:00,22286.5651,"Sector: Technology, Residence: 4 years, City: Tokyo"
505639,Susan Miller,Credit,26918.09538,4.92453696,810,2021-01-07 00:00:00,41914.21678,"Sector: Healthcare, Residence: 1 years, City: Tokyo"
687600,James Garcia,Savings,38999.2318,3.247058525,581,2021-01-08 00:00:00,43974.56354,"Sector: Technology, Residence: 4 years, City: Sydney"
815817,William Rodriguez,Savings,46345.39076,4.212532413,530,2021-01-09 00:00:00,19349.99202,"Sector: Education, Residence: 17 years, City: Tokyo"
612670,Thomas Anderson,Checking,24274.58289,3.572465173,348,2021-01-10 00:00:00,34998.15144,"Sector: Healthcare, Residence: 3 years, City: Sydney"
887809,Linda Anderson,Credit,11636.10757,4.898766489,692,2021-01-11 00:00:00,35301.98895,"Sector: Healthcare, Residence: 4 years, City: London"
683053,Jennifer Williams,Credit,17011.44305,3.605361156,841,2021-01-12 00:00:00,36411.23542,"Sector: Healthcare, Residence: 11 years, City: Tokyo"
578371,Charles Lopez,Checking,8756.600167,3.698052108,417,2021-01-13 00:00:00,15161.74086,"Sector: Technology, Residence: 1 years, City: London"
736154,Jessica Wilson,Credit,42771.35567,4.656627568,581,2021-01-15 00:00:00,45373.58778,"Sector: Retail, Residence: 18 years, City: New York"
690299,Karen Rodriguez,Loan,1305.924489,3.68542604,527,2021-01-16 00:00:00,29846.65753,"Sector: Technology, Residence: 16 years, City: New York"
341112,Thomas Thomas,Loan,2305.325609,0.560346157,339,2021-01-17 00:00:00,39962.83929,"Sector: Healthcare, Residence: 11 years, City: Berlin"
700400,William Davis,Savings,3724.411727,0.536011185,809,2021-01-18 00:00:00,8534.8193,"Sector: Technology, Residence: 5 years, City: Sydney"
220607,Charles Hernandez,Loan,21541.80974,4.669695541,655,2021-01-19 00:00:00,34778.91671,"Sector: Technology, Residence: 8 years, City: Tokyo"
232056,Susan Wilson,Savings,9647.472864,2.882253518,611,2021-01-20 00:00:00,35655.20338,"Sector: Healthcare, Residence: 10 years, City: New York"
788166,Susan Lopez,Loan,34995.50761,4.840722528,720,2021-01-21 00:00:00,22327.64235,"Sector: Retail, Residence: 2 years, City: Sydney"
167736,Michael Davis,Savings,44646.66219,0.686316058,770,2021-01-22 00:00:00,29829.75303,"Sector: Retail, Residence: 10 years, City: Tokyo"
433677,Jessica Gonzalez,Loan,8862.948746,3.528436561,527,2021-01-23 00:00:00,28721.36342,"Sector: Healthcare, Residence: 7 years, City: Sydney"
845279,Sarah Jones,Credit,23049.07422,1.069683444,788,2021-01-24 00:00:00,49898.45567,"Sector: Healthcare, Residence: 14 years, City: Sydney"
436828,James Martinez,Loan,17259.54471,1.553554897,531,2021-01-25 00:00:00,21726.06319,"Sector: Education, Residence: 3 years, City: Berlin"
772662,Patricia Lopez,Savings,37872.41849,1.176989087,478,2021-01-26 00:00:00,47071.04454,"Sector: Education, Residence: 12 years, City: New York"
356567,Jessica Taylor,Savings,41955.96886,2.942149017,470,2021-01-27 00:00:00,30249.47466,"Sector: Education, Residence: 18 years, City: Berlin"
798998,John Jones,Savings,33542.51732,4.952506285,639,2021-01-28 00:00:00,44707.00777,"Sector: Healthcare, Residence: 13 years, City: London"
717964,Karen Garcia,Savings,44182.04614,0.869824705,431,2021-01-29 00:00:00,49497.2887,"Sector: Finance, Residence: 16 years, City: New York"
463702,Barbara Davis,Savings,16185.74003,3.169265439,733,2021-01-30 00:00:00,20702.23884,"Sector: Retail, Residence: 15 years, City: Tokyo"
961561,Jennifer Johnson,Savings,46109.49579,4.210812145,485,2021-01-31 00:00:00,24120.38526,"Sector: Retail, Residence: 11 years, City: Sydney"
489894,William Johnson,Loan,8355.461669,3.115365795,693,2021-02-01 00:00:00,14224.69445,"Sector: Retail, Residence: 7 years, City: Berlin"
784085,James Johnson,Credit,15789.15655,2.484952681,492,2021-02-02 00:00:00,41583.93607,"Sector: Technology, Residence: 10 years, City: Tokyo"
702068,Joseph Taylor,Checking,21202.06712,1.696856051,313,2021-02-04 00:00:00,10605.69146,"Sector: Education, Residence: 14 years, City: Sydney"
442459,Charles Gonzalez,Savings,3307.423439,1.563223974,645,2021-02-05 00:00:00,11248.99604,"Sector: Technology, Residence: 12 years, City: New York"
332804,Patricia Moore,Checking,27069.95556,0.931342823,776,2021-02-07 00:00:00,39428.33736,"Sector: Retail, Residence: 16 years, City: London"
653729,Barbara Hernandez,Loan,7304.43139,3.223425108,692,2021-02-08 00:00:00,40595.74495,"Sector: Technology, Residence: 17 years, City: Sydney"
747722,John Davis,Credit,39881.3185,1.009846875,471,2021-02-09 00:00:00,18501.32708,"Sector: Education, Residence: 10 years, City: Sydney"
948190,Robert Lopez,Savings,32971.00162,1.647977336,468,2021-02-10 00:00:00,23007.48099,"Sector: Retail, Residence: 1 years, City: London"
807233,Karen Martin,Savings,28354.01228,3.164213954,536,2021-02-11 00:00:00,39671.93814,"Sector: Finance, Residence: 20 years, City: Tokyo"
194028,Linda Miller,Checking,16144.23484,4.932669321,403,2021-02-12 00:00:00,32832.84656,"Sector: Education, Residence: 3 years, City: Tokyo"
470701,Charles Jones,Checking,37539.23962,1.755348269,457,2021-02-13 00:00:00,32267.22912,"Sector: Healthcare, Residence: 13 years, City: Sydney"
190031,William Jones,Savings,41349.35875,4.467457501,538,2021-02-14 00:00:00,32676.0011,"Sector: Finance, Residence: 16 years, City: London"
875740,Charles Moore,Checking,29666.72542,2.091624922,301,2021-02-16 00:00:00,9492.25973,"Sector: Retail, Residence: 14 years, City: Tokyo"
370251,Barbara Gonzalez,Checking,43048.39626,4.488014533,411,2021-02-17 00:00:00,45763.22766,"Sector: Finance, Residence: 1 years, City: London"
826341,John Lopez,Checking,11623.57078,1.038733895,849,2021-02-18 00:00:00,41037.88652,"Sector: Healthcare, Residence: 5 years, City: Tokyo"
871591,Jennifer Brown,Savings,45468.13555,2.084925574,705,2021-02-19 00:00:00,38446.33347,"Sector: Finance, Residence: 15 years, City: Berlin"
648353,Jessica Williams,Loan,19699.14828,4.671161663,843,2021-02-20 00:00:00,43890.37609,"Sector: Education, Residence: 20 years, City: Berlin"
119466,John Gonzalez,Checking,8117.244699,3.978994959,701,2021-02-22 00:00:00,36219.06186,"Sector: Education, Residence: 11 years, City: Berlin"
495448,Michael Taylor,Checking,39752.89396,3.580724174,476,2021-02-23 00:00:00,18248.81692,"Sector: Healthcare, Residence: 3 years, City: London"
953429,Robert Brown,Loan,8502.621744,3.752121577,653,2021-02-24 00:00:00,21795.1626,"Sector: Healthcare, Residence: 10 years, City: New York"
541459,Jennifer Jackson,Checking,26869.46036,3.850632674,797,2021-02-25 00:00:00,44060.51746,"Sector: Healthcare, Residence: 17 years, City: Sydney"
694043,Thomas Davis,Savings,29843.29001,1.972742799,510,2021-02-26 00:00:00,21937.34568,"Sector: Healthcare, Residence: 19 years, City: Berlin"
313522,Jessica Brown,Checking,41964.4118,1.777540995,832,2021-02-27 00:00:00,23675.29254,"Sector: Technology, Residence: 5 years, City: London"
672321,Thomas Smith,Credit,4463.247128,1.245628301,432,2021-02-28 00:00:00,12811.96604,"Sector: Education, Residence: 9 years, City: New York"
655084,Jessica Martin,Checking,4874.016623,3.230029951,688,2021-03-02 00:00:00,30167.19736,"Sector: Healthcare, Residence: 3 years, City: Sydney"
865289,David Brown,Loan,2715.171792,4.758758558,339,2021-03-03 00:00:00,29003.83067,"Sector: Technology, Residence: 20 years, City: New York"
953005,David Jackson,Savings,1384.160254,4.965310358,556,2021-03-04 00:00:00,19863.53764,"Sector: Finance, Residence: 15 years, City: Tokyo"
734519,Jennifer Davis,Savings,13749.42123,2.799294425,650,2021-03-05 00:00:00,13361.91159,"Sector: Healthcare, Residence: 14 years, City: Tokyo"
231752,John Brown,Checking,27139.10132,1.708626427,301,2021-03-06 00:00:00,43837.96756,"Sector: Education, Residence: 20 years, City: Tokyo"
401510,Jessica Lopez,Checking,46560.36339,4.417248742,492,2021-03-07 00:00:00,42733.54056,"Sector: Finance, Residence: 13 years, City: Tokyo"
857121,Karen Smith,Credit,35788.15689,2.545501183,472,2021-03-08 00:00:00,18143.344,"Sector: Technology, Residence: 5 years, City: London"
698483,James Thomas,Loan,36401.73213,1.454250571,784,2021-03-09 00:00:00,14215.2298,"Sector: Retail, Residence: 1 years, City: London"
561648,Michael Jones,Credit,43993.7051,1.705944305,368,2021-03-10 00:00:00,11774.53184,"Sector: Healthcare, Residence: 18 years, City: Sydney"
839173,William Martinez,Loan,40180.8653,3.428366053,549,2021-03-11 00:00:00,9268.018993,"Sector: Technology, Residence: 1 years, City: Berlin"
771223,Jessica Taylor,Credit,35944.99065,3.007666249,444,2021-03-12 00:00:00,17909.35701,"Sector: Technology, Residence: 18 years, City: Sydney"
370725,Mary Wilson,Credit,17251.30742,3.532276579,468,2021-03-14 00:00:00,46092.68819,"Sector: Finance, Residence: 18 years, City: London"
161495,Jessica Garcia,Credit,28886.45284,1.098246355,528,2021-03-15 00:00:00,35591.18699,"Sector: Retail, Residence: 12 years, City: Tokyo"
525528,Mary Brown,Savings,26140.20777,1.44694789,778,2021-03-16 00:00:00,11555.94558,"Sector: Finance, Residence: 15 years, City: Sydney"
498136,Jessica Gonzalez,Checking,24014.04737,4.867604488,729,2021-03-17 00:00:00,19950.39691,"Sector: Education, Residence: 9 years, City: Berlin"
587579,Linda Williams,Savings,1561.546727,3.107979692,572,2021-03-18 00:00:00,47533.4047,"Sector: Technology, Residence: 16 years, City: Berlin"
945486,Michael Martinez,Savings,28053.18056,2.673274169,414,2021-03-20 00:00:00,8546.470131,"Sector: Technology, Residence: 7 years, City: New York"
887245,Elizabeth Wilson,Credit,8858.494124,0.720600537,683,2021-03-21 00:00:00,43944.61484,"Sector: Education, Residence: 3 years, City: Berlin"
392326,James Lopez,Savings,23817.62076,0.53910029,767,2021-03-22 00:00:00,26358.88736,"Sector: Retail, Residence: 13 years, City: Tokyo"
582701,Susan Taylor,Loan,16676.53222,0.541391013,845,2021-03-23 00:00:00,40719.25254,"Sector: Education, Residence: 13 years, City: Berlin"
879612,Elizabeth Rodriguez,Loan,23039.2919,1.650272991,753,2021-03-24 00:00:00,25459.42301,"Sector: Finance, Residence: 5 years, City: Berlin"
885824,Patricia Johnson,Loan,21247.48993,1.753454252,410,2021-03-25 00:00:00,19276.3437,"Sector: Retail, Residence: 15 years, City: New York"
232728,Michael Hernandez,Checking,20840.54144,2.120359535,633,2021-03-26 00:00:00,40476.87859,"Sector: Healthcare, Residence: 18 years, City: New York"
389748,Patricia Gonzalez,Savings,6930.582303,2.155813462,405,2021-03-27 00:00:00,11508.86091,"Sector: Retail, Residence: 8 years, City: London"
610011,Richard Moore,Checking,14042.0366,4.746998727,661,2021-03-28 00:00:00,27039.92429,"Sector: Retail, Residence: 2 years, City: Tokyo"
859112,Richard Taylor,Savings,26444.5049,1.422585207,759,2021-03-29 00:00:00,40873.91426,"Sector: Education, Residence: 14 years, City: New York"
834282,Charles Jackson,Checking,36099.24512,1.383246484,781,2021-03-30 00:00:00,43149.2213,"Sector: Technology, Residence: 3 years, City: Tokyo"
393763,Robert Brown,Checking,2031.871818,1.107873036,468,2021-03-31 00:00:00,14465.51659,"Sector: Finance, Residence: 4 years, City: Berlin"
804679,Linda Smith,Checking,47904.33447,1.006673441,791,2021-04-01 00:00:00,26695.9089,"Sector: Retail, Residence: 14 years, City: Berlin"
659057,John Rodriguez,Checking,26740.73849,1.92755286,720,2021-04-02 00:00:00,14698.96456,"Sector: Retail, Residence: 9 years, City: Berlin"
101574,Robert Thomas,Checking,4719.013374,3.734965152,548,2021-04-03 00:00:00,8423.359731,"Sector: Technology, Residence: 15 years, City: Tokyo"
731899,Mary Wilson,Checking,29604.33989,1.885248304,654,2021-04-04 00:00:00,6747.17592,"Sector: Education, Residence: 13 years, City: Sydney"
606765,Sarah Gonzalez,Savings,49351.5618,2.883544371,457,2021-04-05 00:00:00,31737.83189,"Sector: Healthcare, Residence: 4 years, City: Tokyo"
418213,Linda Miller,Credit,36393.12055,0.693801613,712,2021-04-06 00:00:00,48317.48243,"Sector: Education, Residence: 5 years, City: London"
794053,Thomas Rodriguez,Loan,9994.063496,2.895478801,515,2021-04-07 00:00:00,22261.11199,"Sector: Education, Residence: 12 years, City: Tokyo"
456843,Barbara Davis,Credit,46106.3289,1.133345079,829,2021-04-08 00:00:00,45172.24979,"Sector: Retail, Residence: 19 years, City: Berlin"
802938,Jessica Anderson,Checking,45190.1426,1.288077174,415,2021-04-09 00:00:00,34355.03354,"Sector: Healthcare, Residence: 1 years, City: New York"
979666,Sarah Wilson,Loan,28195.65578,3.77068281,434,2021-04-10 00:00:00,36026.42478,"Sector: Finance, Residence: 19 years, City: Berlin"
860006,Richard Jones,Checking,1591.722067,2.554830505,730,2021-04-11 00:00:00,10071.24237,"Sector: Retail, Residence: 1 years, City: London"
340617,Barbara Moore,Loan,29997.95616,0.961406355,807,2021-04-12 00:00:00,18263.09683,"Sector: Education, Residence: 20 years, City: Tokyo"
151108,David Rodriguez,Credit,46063.96489,0.80143862,511,2021-04-13 00:00:00,7124.561142,"Sector: Retail, Residence: 3 years, City: London"
861903,David Thomas,Loan,11045.90609,4.230491287,484,2021-04-17 00:00:00,8852.951945,"Sector: Technology, Residence: 8 years, City: Sydney"
907801,Charles Johnson,Loan,12351.86289,4.939099355,501,2021-04-18 00:00:00,5221.46154,"Sector: Technology, Residence: 7 years, City: New York"
656347,William Rodriguez,Checking,31543.36606,3.536187582,403,2021-04-19 00:00:00,29953.1948,"Sector: Technology, Residence: 12 years, City: London"
170990,Jessica Martin,Credit,40676.95555,4.756757767,420,2021-04-20 00:00:00,39384.6693,"Sector: Finance, Residence: 19 years, City: New York"
912337,James Williams,Loan,49553.95663,3.520362915,619,2021-04-21 00:00:00,8213.381537,"Sector: Technology, Residence: 18 years, City: London"
993875,Linda Smith,Credit,35346.95437,4.265576428,418,2021-04-23 00:00:00,30128.98478,"Sector: Healthcare, Residence: 6 years, City: New York"
713631,Joseph Garcia,Checking,466.2726813,1.563779695,504,2021-04-24 00:00:00,31761.43321,"Sector: Healthcare, Residence: 14 years, City: Tokyo"
299893,Mary Moore,Credit,28570.6878,2.135423215,768,2021-04-25 00:00:00,13423.28061,"Sector: Technology, Residence: 16 years, City: Sydney"
417627,Barbara Jackson,Savings,25489.44745,4.982510992,592,2021-04-26 00:00:00,43955.92847,"Sector: Healthcare, Residence: 19 years, City: London"
833513,Mary Gonzalez,Credit,45546.09477,2.816507621,749,2021-04-27 00:00:00,31867.19338,"Sector: Retail, Residence: 3 years, City: Sydney"
222498,Linda Taylor,Savings,32247.16293,2.701007685,541,2021-04-28 00:00:00,24910.66838,"Sector: Healthcare, Residence: 6 years, City: Sydney"
892138,Michael Thomas,Loan,28482.38811,3.567946687,574,2021-04-29 00:00:00,6433.066117,"Sector: Education, Residence: 7 years, City: Sydney"
645634,Michael Rodriguez,Credit,38041.83498,3.855871722,762,2021-04-30 00:00:00,9957.016076,"Sector: Finance, Residence: 17 years, City: London"
240262,James Taylor,Checking,23062.07924,1.510750437,679,2021-05-01 00:00:00,24652.11388,"Sector: Technology, Residence: 5 years, City: New York"
590599,Barbara Martinez,Checking,13424.59172,1.266941705,551,2021-05-02 00:00:00,40860.44016,"Sector: Retail, Residence: 11 years, City: London"
931618,Barbara Hernandez,Savings,17847.54667,3.913270388,593,2021-05-04 00:00:00,31186.61696,"Sector: Retail, Residence: 7 years, City: Berlin"
334321,Elizabeth Moore,Savings,23934.64385,3.312988514,844,2021-05-05 00:00:00,43837.57986,"Sector: Healthcare, Residence: 2 years, City: London"
207167,Linda Anderson,Savings,1354.050824,4.163203887,779,2021-05-06 00:00:00,7805.583851,"Sector: Education, Residence: 16 years, City: Sydney"
764347,Jessica Lopez,Loan,12694.57953,3.8116457,409,2021-05-07 00:00:00,26157.01175,"Sector: Healthcare, Residence: 17 years, City: Tokyo"
628322,Mary Wilson,Savings,21929.47239,4.298584612,475,2021-05-08 00:00:00,44415.30855,"Sector: Technology, Residence: 14 years, City: Tokyo"
344720,Jessica Johnson,Checking,28931.17623,3.280095226,816,2021-05-09 00:00:00,9843.385334,"Sector: Healthcare, Residence: 19 years, City: Tokyo"
394891,Michael Martinez,Checking,33469.07522,1.835283823,475,2021-05-10 00:00:00,44318.51683,"Sector: Education, Residence: 3 years, City: Sydney"
579616,Patricia Williams,Checking,32516.08518,1.496788048,817,2021-05-11 00:00:00,14232.82175,"Sector: Education, Residence: 1 years, City: Tokyo"
762548,Michael Anderson,Credit,42618.39668,3.031337387,503,2021-05-13 00:00:00,34736.02469,"Sector: Retail, Residence: 18 years, City: Berlin"
323532,William Davis,Savings,4639.709195,1.075868232,738,2021-05-14 00:00:00,43006.39172,"Sector: Retail, Residence: 18 years, City: New York"
920011,Elizabeth Taylor,Credit,15875.29239,2.608603656,472,2021-05-15 00:00:00,37511.39538,"Sector: Technology, Residence: 17 years, City: Sydney"
367523,Barbara Hernandez,Savings,36001.9995,3.295272896,422,2021-05-16 00:00:00,40664.7251,"Sector: Finance, Residence: 9 years, City: Tokyo"
147377,Sarah Miller,Savings,17343.00349,2.888041936,645,2021-05-17 00:00:00,49605.73869,"Sector: Education, Residence: 15 years, City: Tokyo"
819952,Michael Johnson,Savings,1936.693851,2.42558372,611,2021-05-18 00:00:00,16917.75483,"Sector: Education, Residence: 2 years, City: Tokyo"
148155,Robert Hernandez,Credit,45953.93786,1.871248467,706,2021-05-19 00:00:00,8833.823593,"Sector: Retail, Residence: 19 years, City: London"
943117,Elizabeth Miller,Savings,21888.40356,4.91663017,828,2021-05-20 00:00:00,18296.96489,"Sector: Education, Residence: 5 years, City: Sydney"
344741,Linda Wilson,Loan,9357.229825,2.35622412,662,2021-05-21 00:00:00,28945.61083,"Sector: Finance, Residence: 12 years, City: London"
619305,Sarah Garcia,Checking,24174.77814,4.078959823,329,2021-05-22 00:00:00,46263.0855,"Sector: Technology, Residence: 12 years, City: Berlin"
451536,Patricia Lopez,Checking,19231.36732,0.962141684,399,2021-05-23 00:00:00,32865.59034,"Sector: Healthcare, Residence: 7 years, City: New York"
147745,Mary Garcia,Loan,42410.84571,1.09483397,475,2021-05-24 00:00:00,14367.84478,"Sector: Healthcare, Residence: 19 years, City: London"
731317,Joseph Brown,Credit,25460.36964,4.310880646,387,2021-05-25 00:00:00,23094.4977,"Sector: Retail, Residence: 3 years, City: Tokyo"
530894,Charles Garcia,Credit,43395.88058,3.203277657,430,2021-05-26 00:00:00,32367.18314,"Sector: Healthcare, Residence: 11 years, City: Berlin"
719248,Barbara Martin,Loan,13961.90856,1.665833176,751,2021-05-27 00:00:00,37279.2093,"Sector: Education, Residence: 14 years, City: New York"
296200,Thomas Garcia,Checking,30467.09987,3.823675017,318,2021-05-29 00:00:00,42610.03178,"Sector: Finance, Residence: 12 years, City: New York"
983854,John Gonzalez,Credit,11310.36206,4.247839714,713,2021-05-31 00:00:00,32907.61582,"Sector: Finance, Residence: 12 years, City: Sydney"
372756,James Davis,Checking,39967.49066,1.271330787,626,2021-06-01 00:00:00,7584.988111,"Sector: Education, Residence: 15 years, City: Berlin"
476299,Jessica Rodriguez,Credit,14731.33037,3.280041239,650,2021-06-02 00:00:00,18929.67805,"Sector: Finance, Residence: 7 years, City: Tokyo"
100406,William Thomas,Loan,2702.669761,3.084721236,692,2021-06-03 00:00:00,29390.23898,"Sector: Technology, Residence: 5 years, City: London"
783385,Thomas Smith,Credit,13597.2054,3.407793191,679,2021-06-04 00:00:00,43246.50292,"Sector: Healthcare, Residence: 17 years, City: New York"
386867,Patricia Martin,Savings,27948.63043,2.010137878,731,2021-06-05 00:00:00,47465.31158,"Sector: Finance, Residence: 14 years, City: Sydney"
162558,Thomas Jones,Savings,12074.81119,2.508721213,824,2021-06-06 00:00:00,6601.818392,"Sector: Healthcare, Residence: 18 years, City: New York"
748938,Charles Martinez,Loan,26187.19767,2.770320048,753,2021-06-08 00:00:00,30338.57923,"Sector: Healthcare, Residence: 8 years, City: Tokyo"
925564,John Jackson,Checking,45728.85127,3.852625774,842,2021-06-09 00:00:00,6308.03858,"Sector: Healthcare, Residence: 2 years, City: Sydney"
920306,Michael Martin,Credit,15945.01575,4.201232401,603,2021-06-11 00:00:00,29073.76072,"Sector: Technology, Residence: 10 years, City: Tokyo"
740508,William Brown,Loan,4325.389279,3.836736385,362,2021-06-12 00:00:00,31733.33846,"Sector: Retail, Residence: 10 years, City: Tokyo"
979900,Barbara Martinez,Savings,40133.17745,4.975820622,514,2021-06-13 00:00:00,38904.89693,"Sector: Healthcare, Residence: 11 years, City: Berlin"
294326,Joseph Garcia,Credit,45038.94354,0.696323237,828,2021-06-14 00:00:00,38675.99683,"Sector: Retail, Residence: 14 years, City: Sydney"
658379,Karen Johnson,Loan,14367.49151,2.12145295,445,2021-06-15 00:00:00,22564.27095,"Sector: Finance, Residence: 5 years, City: Sydney"
752415,David Jackson,Credit,26051.66388,3.925050418,631,2021-06-16 00:00:00,41869.46619,"Sector: Finance, Residence: 2 years, City: Berlin"
159252,Charles Jackson,Checking,27510.10002,2.479812945,627,2021-06-17 00:00:00,19914.61183,"Sector: Education, Residence: 4 years, City: Sydney"
330308,Richard Smith,Credit,30745.01195,3.683004235,707,2021-06-18 00:00:00,18096.98502,"Sector: Education, Residence: 8 years, City: New York"
552637,Karen Williams,Loan,41339.36719,4.254138058,841,2021-06-19 00:00:00,13707.90209,"Sector: Healthcare, Residence: 17 years, City: Tokyo"
163358,Joseph Garcia,Checking,10682.60334,2.10293501,361,2021-06-21 00:00:00,36680.95476,"Sector: Healthcare, Residence: 12 years, City: Tokyo"
502535,Barbara Jones,Loan,30091.0864,1.925926244,838,2021-06-22 00:00:00,12275.75503,"Sector: Education, Residence: 12 years, City: London"
536027,Susan Moore,Credit,6122.172747,0.846425991,345,2021-06-23 00:00:00,24813.44333,"Sector: Retail, Residence: 1 years, City: Berlin"
576798,Karen Miller,Checking,44237.09362,4.290871136,421,2021-06-24 00:00:00,46958.09574,"Sector: Retail, Residence: 13 years, City: Berlin"
886201,Barbara Davis,Credit,7451.754178,3.817793872,541,2021-06-25 00:00:00,6925.273324,"Sector: Retail, Residence: 4 years, City: Tokyo"
987854,Joseph Lopez,Loan,28249.98392,2.839659652,582,2021-06-26 00:00:00,13518.98912,"Sector: Technology, Residence: 8 years, City: Tokyo"
274020,Robert Taylor,Credit,33638.4066,2.816520252,564,2021-06-27 00:00:00,19300.20076,"Sector: Technology, Residence: 8 years, City: New York"
312536,Susan Johnson,Savings,1175.792853,3.628895013,534,2021-06-28 00:00:00,49150.55871,"Sector: Finance, Residence: 15 years, City: New York"
961749,Mary Johnson,Checking,1124.987178,3.351180195,364,2021-06-29 00:00:00,36288.54687,"Sector: Healthcare, Residence: 7 years, City: Berlin"
758374,John Garcia,Credit,43638.33884,3.047808396,675,2021-06-30 00:00:00,47230.57931,"Sector: Technology, Residence: 6 years, City: Sydney"
110898,David Jackson,Savings,27297.66019,2.465098149,782,2021-07-01 00:00:00,29017.38426,"Sector: Healthcare, Residence: 16 years, City: New York"
645213,Jennifer Johnson,Savings,35168.51127,3.743613818,602,2021-07-02 00:00:00,27932.36257,"Sector: Healthcare, Residence: 17 years, City: London"
648248,Jessica Lopez,Credit,37125.27387,2.920905697,747,2021-07-03 00:00:00,5794.129231,"Sector: Retail, Residence: 1 years, City: New York"
282042,Sarah Garcia,Checking,23196.98519,2.904743235,817,2021-07-04 00:00:00,13700.53272,"Sector: Healthcare, Residence: 11 years, City: Berlin"
498698,Linda Rodriguez,Checking,16334.41843,0.93357012,381,2021-07-05 00:00:00,18865.9912,"Sector: Healthcare, Residence: 5 years, City: Berlin"
855099,Michael Garcia,Savings,28880.94651,1.792518357,743,2021-07-07 00:00:00,11448.62302,"Sector: Technology, Residence: 8 years, City: London"
746629,Elizabeth Williams,Credit,28718.84401,2.20351199,672,2021-07-08 00:00:00,11908.77903,"Sector: Technology, Residence: 17 years, City: Tokyo"
632690,William Williams,Credit,39506.43674,3.009957934,538,2021-07-09 00:00:00,16646.42088,"Sector: Education, Residence: 11 years, City: Tokyo"
721588,Linda Davis,Loan,378.1580202,3.794427485,646,2021-07-10 00:00:00,29650.74129,"Sector: Education, Residence: 6 years, City: New York"
790702,Charles Wilson,Credit,47215.89097,4.676532802,715,2021-07-11 00:00:00,24197.43381,"Sector: Education, Residence: 6 years, City: Berlin"
198037,Sarah Jackson,Credit,33227.94166,2.876927697,563,2021-07-12 00:00:00,41585.27647,"Sector: Education, Residence: 18 years, City: Tokyo"
745636,Charles Brown,Loan,39752.83126,4.23849867,461,2021-07-13 00:00:00,10422.81242,"Sector: Technology, Residence: 16 years, City: New York"
981985,Robert Smith,Savings,21835.56625,1.06183039,552,2021-07-14 00:00:00,21091.05152,"Sector: Technology, Residence: 14 years, City: Berlin"
683863,Robert Taylor,Credit,36255.75356,3.249867954,561,2021-07-15 00:00:00,28417.35004,"Sector: Education, Residence: 1 years, City: Tokyo"
439184,Mary Lopez,Savings,46084.17925,2.483175929,651,2021-07-16 00:00:00,22664.48443,"Sector: Retail, Residence: 15 years, City: Berlin"
537720,John Anderson,Loan,6443.713115,2.088948882,640,2021-07-17 00:00:00,41265.24837,"Sector: Healthcare, Residence: 8 years, City: Sydney"
678892,Thomas Martin,Credit,23003.50957,2.835868688,709,2021-07-18 00:00:00,20408.94807,"Sector: Technology, Residence: 2 years, City: Tokyo"
361522,Joseph Johnson,Savings,47790.22196,2.388303272,546,2021-07-19 00:00:00,5667.188642,"Sector: Technology, Residence: 2 years, City: Berlin"
314311,Barbara Hernandez,Checking,13761.42668,2.15517917,638,2021-07-21 00:00:00,28301.42625,"Sector: Technology, Residence: 1 years, City: New York"
241480,Charles Garcia,Loan,15259.13043,2.404872961,356,2021-07-22 00:00:00,32400.23362,"Sector: Retail, Residence: 19 years, City: London"
965967,Susan Gonzalez,Checking,45185.79519,4.281809142,319,2021-07-23 00:00:00,9539.316341,"Sector: Finance, Residence: 15 years, City: New York"
842736,James Garcia,Savings,19299.78793,2.831544799,342,2021-07-24 00:00:00,23025.28277,"Sector: Retail, Residence: 14 years, City: New York"
609472,Susan Rodriguez,Loan,30693.91536,4.239044383,623,2021-07-26 00:00:00,37734.6137,"Sector: Education, Residence: 20 years, City: Sydney"
438352,Jessica Miller,Loan,21771.55898,1.349967986,555,2021-07-27 00:00:00,28760.31767,"Sector: Technology, Residence: 18 years, City: London"
410460,Karen Gonzalez,Loan,36537.95732,0.79768096,661,2021-07-30 00:00:00,33171.06995,"Sector: Retail, Residence: 19 years, City: Tokyo"
160902,David Martinez,Credit,11388.52082,0.723982802,482,2021-08-01 00:00:00,28617.61711,"Sector: Retail, Residence: 19 years, City: Tokyo"
138073,Thomas Wilson,Credit,11287.14037,0.834262409,470,2021-08-02 00:00:00,24989.34083,"Sector: Technology, Residence: 19 years, City: London"
460408,Robert Rodriguez,Loan,30768.80844,1.337365944,786,2021-08-03 00:00:00,38143.30323,"Sector: Technology, Residence: 6 years, City: New York"
121787,Charles Miller,Loan,14589.55309,2.629153851,379,2021-08-04 00:00:00,25229.50532,"Sector: Technology, Residence: 14 years, City: Tokyo"
294643,Susan Johnson,Savings,9464.676848,1.334781961,479,2021-08-05 00:00:00,16869.24353,"Sector: Technology, Residence: 1 years, City: London"
825048,James Jackson,Savings,32537.72081,0.975555772,716,2021-08-06 00:00:00,10905.83895,"Sector: Finance, Residence: 5 years, City: New York"
289434,Michael Thomas,Checking,42569.94343,1.514107582,315,2021-08-07 00:00:00,33606.51288,"Sector: Technology, Residence: 19 years, City: Sydney"
909922,Susan Moore,Credit,29728.68494,1.595995307,398,2021-08-08 00:00:00,26649.68644,"Sector: Healthcare, Residence: 17 years, City: Tokyo"
411624,Joseph Lopez,Credit,25015.08612,1.63131234,652,2021-08-09 00:00:00,26540.3373,"Sector: Technology, Residence: 8 years, City: Sydney"
241536,Linda Jackson,Checking,47304.1308,1.106462941,621,2021-08-11 00:00:00,37373.52995,"Sector: Education, Residence: 9 years, City: New York"
669367,John Thomas,Credit,17400.687,0.801517886,345,2021-08-12 00:00:00,46636.84879,"Sector: Finance, Residence: 11 years, City: London"
702192,Elizabeth Gonzalez,Loan,27201.20724,1.500575869,767,2021-08-13 00:00:00,46059.37323,"Sector: Education, Residence: 4 years, City: Tokyo"
916300,Michael Johnson,Loan,22681.17954,4.937527246,743,2021-08-14 00:00:00,29291.34606,"Sector: Retail, Residence: 4 years, City: Berlin"
932718,John Lopez,Savings,16375.02435,2.28048315,689,2021-08-15 00:00:00,7285.223406,"Sector: Technology, Residence: 18 years, City: Sydney"
697890,Robert Davis,Loan,41936.91224,2.086852637,726,2021-08-16 00:00:00,31021.42308,"Sector: Finance, Residence: 8 years, City: London"
634604,Jessica Jones,Loan,23687.87121,2.611447397,751,2021-08-17 00:00:00,15052.05952,"Sector: Education, Residence: 20 years, City: London"
396770,Patricia Jackson,Loan,26147.16869,2.750481482,329,2021-08-18 00:00:00,41093.16146,"Sector: Technology, Residence: 20 years, City: New York"
147588,Richard Lopez,Loan,9057.843525,0.981607149,782,2021-08-19 00:00:00,39035.3704,"Sector: Finance, Residence: 1 years, City: Tokyo"
993883,Charles Lopez,Checking,44904.82221,2.385354321,416,2021-08-20 00:00:00,24037.51108,"Sector: Finance, Residence: 7 years, City: Sydney"
627867,Linda Hernandez,Checking,8399.277355,3.933530815,364,2021-08-21 00:00:00,23168.79174,"Sector: Education, Residence: 11 years, City: Tokyo"
800221,David Hernandez,Credit,857.6714534,1.065506783,335,2021-08-22 00:00:00,47869.30777,"Sector: Education, Residence: 10 years, City: New York"
729164,Patricia Jackson,Checking,6548.160822,4.056019459,396,2021-08-23 00:00:00,31152.11391,"Sector: Education, Residence: 16 years, City: London"
674332,Richard Martin,Checking,34002.178,2.756570164,682,2021-08-24 00:00:00,46802.45275,"Sector: Retail, Residence: 1 years, City: Sydney"
451667,Joseph Thomas,Savings,24435.39213,4.583735867,729,2021-08-25 00:00:00,41429.53203,"Sector: Technology, Residence: 8 years, City: Berlin"
826424,Barbara Brown,Loan,496.4215079,4.993416626,666,2021-08-26 00:00:00,13279.6871,"Sector: Finance, Residence: 11 years, City: Berlin"
763560,Linda Smith,Savings,15807.51313,1.900711237,421,2021-08-27 00:00:00,48771.08456,"Sector: Education, Residence: 1 years, City: Berlin"
778461,Patricia Brown,Checking,3616.41077,4.4926714,782,2021-08-28 00:00:00,40863.92216,"Sector: Healthcare, Residence: 5 years, City: Sydney"
337302,William Williams,Loan,6312.179054,4.393114378,554,2021-08-29 00:00:00,42675.24062,"Sector: Healthcare, Residence: 3 years, City: Tokyo"
284492,Michael Miller,Loan,26740.48617,2.304333546,710,2021-08-30 00:00:00,10832.3219,"Sector: Healthcare, Residence: 20 years, City: London"
471787,Thomas Martin,Credit,17274.21893,4.081811751,627,2021-08-31 00:00:00,8278.576701,"Sector: Technology, Residence: 13 years, City: Tokyo"
666629,Elizabeth Smith,Credit,18465.17428,3.136896986,618,2021-09-01 00:00:00,47591.26168,"Sector: Education, Residence: 4 years, City: Sydney"
572400,Patricia Williams,Checking,19350.04258,0.998691249,639,2021-09-02 00:00:00,16016.89068,"Sector: Education, Residence: 12 years, City: Berlin"
473441,Elizabeth Martinez,Checking,40014.55539,3.255359464,437,2021-09-03 00:00:00,49527.85543,"Sector: Education, Residence: 10 years, City: New York"
982637,Linda Wilson,Loan,31926.38678,3.328701601,649,2021-09-04 00:00:00,19511.21717,"Sector: Technology, Residence: 11 years, City: London"
998496,Sarah Thomas,Checking,20336.91479,1.108487814,333,2021-09-06 00:00:00,36911.38419,"Sector: Education, Residence: 12 years, City: Sydney"
392450,Michael Hernandez,Savings,19495.03249,1.176372901,516,2021-09-07 00:00:00,34634.80952,"Sector: Education, Residence: 18 years, City: Sydney"
562678,Patricia Johnson,Loan,36613.26619,4.068864416,518,2021-09-08 00:00:00,14392.73879,"Sector: Education, Residence: 6 years, City: Sydney"
469304,Sarah Smith,Savings,44549.04659,4.586532143,828,2021-09-09 00:00:00,19903.63714,"Sector: Education, Residence: 17 years, City: Sydney"
626056,Susan Thomas,Credit,34435.24529,2.83781599,422,2021-09-10 00:00:00,24426.40629,"Sector: Finance, Residence: 6 years, City: Sydney"
243536,Charles Martin,Savings,18719.65081,4.971163241,364,2021-09-11 00:00:00,12306.45417,"Sector: Retail, Residence: 1 years, City: New York"
938020,Elizabeth Martin,Checking,13327.77042,2.889653994,816,2021-09-13 00:00:00,9234.350433,"Sector: Healthcare, Residence: 4 years, City: Berlin"
871955,Jennifer Brown,Checking,32327.24275,3.525844272,394,2021-09-14 00:00:00,29236.66166,"Sector: Finance, Residence: 12 years, City: Berlin"
920944,Michael Davis,Savings,45319.25646,4.422698094,508,2021-09-15 00:00:00,36317.75417,"Sector: Retail, Residence: 12 years, City: Tokyo"
683625,Jessica Jones,Credit,19494.56315,4.41601393,518,2021-09-16 00:00:00,42212.60362,"Sector: Healthcare, Residence: 5 years, City: London"
719536,John Wilson,Credit,47584.70159,1.369285412,316,2021-09-19 00:00:00,45148.49675,"Sector: Healthcare, Residence: 11 years, City: Berlin"
701239,Jennifer Thomas,Credit,11964.26879,2.297440008,828,2021-09-20 00:00:00,24098.1879,"Sector: Finance, Residence: 4 years, City: New York"
720979,Susan Rodriguez,Credit,30962.77451,3.410063472,671,2021-09-21 00:00:00,29280.41253,"Sector: Retail, Residence: 7 years, City: Sydney"
481249,Robert Brown,Checking,31770.17081,2.795969062,778,2021-09-22 00:00:00,7145.667017,"Sector: Healthcare, Residence: 1 years, City: London"
892378,Mary Miller,Checking,29047.87094,1.425490561,417,2021-09-23 00:00:00,13580.42342,"Sector: Healthcare, Residence: 3 years, City: Tokyo"
708246,Michael Jones,Savings,34603.54642,4.299115239,463,2021-09-24 00:00:00,47567.84626,"Sector: Finance, Residence: 19 years, City: New York"
187452,Jennifer Brown,Loan,26701.17693,2.624437849,793,2021-09-25 00:00:00,9626.622372,"Sector: Finance, Residence: 8 years, City: London"
402741,John Gonzalez,Credit,16354.19797,2.513603539,502,2021-09-26 00:00:00,8793.160418,"Sector: Education, Residence: 3 years, City: New York"
848567,William Wilson,Loan,33504.13395,3.231018722,346,2021-09-27 00:00:00,7760.969992,"Sector: Finance, Residence: 19 years, City: New York"
833675,Linda Miller,Credit,1209.937732,3.875647984,618,2021-09-30 00:00:00,9614.104524,"Sector: Technology, Residence: 10 years, City: New York"
597740,Mary Rodriguez,Credit,12459.39178,2.485734853,440,2021-10-01 00:00:00,31472.6832,"Sector: Education, Residence: 18 years, City: New York"
873671,James Davis,Credit,1299.914418,3.617911755,586,2021-10-02 00:00:00,10898.29051,"Sector: Finance, Residence: 6 years, City: Berlin"
260143,Susan Wilson,Loan,11630.84346,3.806559294,416,2021-10-03 00:00:00,6252.971112,"Sector: Technology, Residence: 2 years, City: Tokyo"
270204,Thomas Smith,Loan,5987.58207,2.463258259,471,2021-10-04 00:00:00,48253.71639,"Sector: Finance, Residence: 7 years, City: London"
786039,Richard Rodriguez,Savings,9421.16731,3.195772366,402,2021-10-05 00:00:00,32885.1249,"Sector: Finance, Residence: 8 years, City: London"
278842,Linda Gonzalez,Savings,26346.20134,4.33089865,626,2021-10-07 00:00:00,8710.738423,"Sector: Retail, Residence: 3 years, City: Tokyo"
583312,Jessica Smith,Checking,41191.33018,3.833143525,395,2021-10-08 00:00:00,13112.32088,"Sector: Education, Residence: 4 years, City: London"
762865,Richard Thomas,Loan,24181.65703,1.215058975,308,2021-10-09 00:00:00,7603.955717,"Sector: Healthcare, Residence: 13 years, City: New York"
761121,John Smith,Credit,46188.88703,4.594878986,482,2021-10-11 00:00:00,31065.97005,"Sector: Finance, Residence: 2 years, City: Berlin"
699333,Barbara Hernandez,Loan,7549.027711,3.210860279,442,2021-10-13 00:00:00,15231.01956,"Sector: Retail, Residence: 4 years, City: Sydney"
858622,Charles Hernandez,Checking,39303.07788,0.814501037,498,2021-10-17 00:00:00,41788.1,"Sector: Healthcare, Residence: 9 years, City: Tokyo"
325479,Linda Jones,Loan,12062.85687,2.374913153,835,2021-10-18 00:00:00,15568.70834,"Sector: Education, Residence: 12 years, City: Sydney"
977969,Jessica Davis,Loan,37461.61693,3.993766637,517,2021-10-20 00:00:00,31052.18759,"Sector: Finance, Residence: 9 years, City: Berlin"
762704,Sarah Johnson,Checking,20016.6846,3.376816464,800,2021-10-21 00:00:00,47629.30799,"Sector: Finance, Residence: 7 years, City: New York"
941994,Patricia Moore,Checking,44424.20275,3.763872037,761,2021-10-22 00:00:00,42698.93486,"Sector: Technology, Residence: 8 years, City: Tokyo"
890134,Barbara Anderson,Savings,36215.26175,1.992837489,341,2021-10-23 00:00:00,17379.39312,"Sector: Technology, Residence: 17 years, City: Sydney"
490001,Barbara Martinez,Savings,43652.35569,2.601318935,305,2021-10-24 00:00:00,20305.67524,"Sector: Education, Residence: 2 years, City: Tokyo"
399568,David Smith,Savings,39570.23465,2.438553282,318,2021-10-25 00:00:00,31619.88659,"Sector: Technology, Residence: 7 years, City: London"
842673,Barbara Davis,Checking,45628.69827,1.467236773,359,2021-10-27 00:00:00,48430.05375,"Sector: Finance, Residence: 10 years, City: New York"
529303,Joseph Miller,Loan,49140.23748,0.862374929,747,2021-10-28 00:00:00,21669.10361,"Sector: Finance, Residence: 11 years, City: London"
858286,Mary Brown,Savings,44544.57311,2.597046509,413,2021-10-29 00:00:00,48503.2446,"Sector: Finance, Residence: 8 years, City: New York"
532324,Jennifer Williams,Credit,20088.10473,1.186708411,719,2021-10-30 00:00:00,36363.32878,"Sector: Technology, Residence: 18 years, City: Tokyo"
312686,Barbara Hernandez,Checking,31981.08235,1.734609365,448,2021-10-31 00:00:00,27635.95676,"Sector: Finance, Residence: 14 years, City: Sydney"
977860,Joseph Jackson,Loan,5791.704227,4.903221482,692,2021-11-02 00:00:00,9678.115433,"Sector: Healthcare, Residence: 1 years, City: Berlin"
845265,Jessica Gonzalez,Credit,3826.716827,3.496811358,823,2021-11-03 00:00:00,40739.46493,"Sector: Finance, Residence: 17 years, City: New York"
382367,James Hernandez,Credit,9727.549165,3.029741524,623,2021-11-04 00:00:00,6618.497964,"Sector: Healthcare, Residence: 14 years, City: Sydney"
620344,Jennifer Martin,Checking,36697.14223,1.612686615,523,2021-11-06 00:00:00,29258.79021,"Sector: Education, Residence: 10 years, City: Berlin"
878509,Mary Williams,Checking,43194.80462,1.16230691,672,2021-11-07 00:00:00,15506.10608,"Sector: Technology, Residence: 10 years, City: Berlin"
254745,Jennifer Anderson,Savings,43490.48352,3.88331696,619,2021-11-08 00:00:00,11279.17017,"Sector: Education, Residence: 5 years, City: Sydney"
327793,Thomas Taylor,Checking,30035.91375,2.434719035,737,2021-11-09 00:00:00,42576.91207,"Sector: Retail, Residence: 19 years, City: Tokyo"
914019,John Jones,Savings,644.1301022,4.194973527,502,2021-11-11 00:00:00,28441.86252,"Sector: Education, Residence: 2 years, City: London"
122094,Thomas Williams,Credit,44878.96479,0.987791645,331,2021-11-12 00:00:00,15903.44557,"Sector: Finance, Residence: 8 years, City: Tokyo"
277429,Thomas Miller,Checking,35055.7806,0.579197869,442,2021-11-13 00:00:00,9212.817226,"Sector: Healthcare, Residence: 9 years, City: Berlin"
148061,Richard Martin,Checking,12638.7817,3.310335647,838,2021-11-14 00:00:00,40588.04137,"Sector: Retail, Residence: 3 years, City: New York"
984214,Susan Thomas,Savings,14722.56604,1.936033381,824,2021-11-15 00:00:00,46370.28289,"Sector: Education, Residence: 17 years, City: Tokyo"
401985,Patricia Lopez,Credit,33871.20092,4.963537443,677,2021-11-16 00:00:00,7462.355703,"Sector: Finance, Residence: 16 years, City: London"
869765,Linda Rodriguez,Savings,40284.84602,1.424933258,518,2021-11-17 00:00:00,20302.98579,"Sector: Education, Residence: 7 years, City: Sydney"
875562,James Taylor,Loan,32060.64887,4.607561542,771,2021-11-18 00:00:00,11566.24638,"Sector: Retail, Residence: 19 years, City: Tokyo"
446821,Jennifer Miller,Savings,3991.064619,0.950908945,448,2021-11-19 00:00:00,48199.93008,"Sector: Education, Residence: 12 years, City: London"
800710,Charles Jackson,Savings,43643.04443,3.843471679,504,2021-11-20 00:00:00,16905.083,"Sector: Healthcare, Residence: 1 years, City: London"
193639,Richard Williams,Checking,31695.83395,0.873828757,842,2021-11-22 00:00:00,44170.26667,"Sector: Technology, Residence: 9 years, City: London"
996520,Karen Smith,Credit,9663.076334,2.156893307,755,2021-11-24 00:00:00,12318.88609,"Sector: Finance, Residence: 17 years, City: Tokyo"
429354,Patricia Taylor,Savings,12407.41249,3.858070624,350,2021-11-26 00:00:00,23204.49051,"Sector: Finance, Residence: 11 years, City: New York"
930479,William Hernandez,Credit,24682.60052,0.52197146,575,2021-11-27 00:00:00,19365.73069,"Sector: Healthcare, Residence: 17 years, City: New York"
711869,Linda Taylor,Loan,42277.48781,3.294596176,502,2021-11-29 00:00:00,44727.63079,"Sector: Finance, Residence: 4 years, City: Berlin"
910723,Jennifer Martinez,Checking,35147.2065,1.873212929,340,2021-11-30 00:00:00,30925.29283,"Sector: Retail, Residence: 14 years, City: New York"
334299,Joseph Rodriguez,Savings,4007.261034,2.800941317,354,2021-12-01 00:00:00,14713.32037,"Sector: Technology, Residence: 11 years, City: London"
716955,Richard Johnson,Savings,44749.30794,4.597915473,640,2021-12-02 00:00:00,26083.5522,"Sector: Retail, Residence: 8 years, City: Sydney"
990727,James Brown,Checking,3907.894156,2.366599665,307,2021-12-03 00:00:00,11807.83478,"Sector: Healthcare, Residence: 20 years, City: Sydney"
596415,John Lopez,Savings,16627.65242,2.696199038,426,2021-12-04 00:00:00,42712.98885,"Sector: Healthcare, Residence: 8 years, City: New York"
750752,Mary Davis,Credit,28354.18909,1.989188254,441,2021-12-05 00:00:00,14435.53933,"Sector: Education, Residence: 13 years, City: Berlin"
637547,Thomas Moore,Checking,24348.75685,0.864345693,322,2021-12-06 00:00:00,33638.09587,"Sector: Technology, Residence: 11 years, City: Berlin"
592563,James Smith,Credit,23802.65071,1.192666897,630,2021-12-07 00:00:00,48935.82686,"Sector: Education, Residence: 6 years, City: London"
731290,Jennifer Lopez,Savings,4185.257762,2.747837258,408,2021-12-08 00:00:00,12311.62381,"Sector: Retail, Residence: 10 years, City: New York"
995933,Elizabeth Miller,Loan,26504.69054,4.908790686,678,2021-12-09 00:00:00,15990.90328,"Sector: Education, Residence: 11 years, City: Sydney"
947781,Karen Davis,Loan,48770.24055,4.225535024,838,2021-12-10 00:00:00,10334.49109,"Sector: Healthcare, Residence: 12 years, City: Sydney"
757634,Barbara Anderson,Credit,7519.679848,0.514253966,554,2021-12-11 00:00:00,16206.92029,"Sector: Education, Residence: 5 years, City: Berlin"
110040,William Lopez,Savings,36876.23432,4.386316898,528,2021-12-12 00:00:00,38778.22864,"Sector: Finance, Residence: 5 years, City: London"
716239,Jennifer Davis,Credit,42068.39222,4.443304817,805,2021-12-13 00:00:00,36534.9561,"Sector: Finance, Residence: 1 years, City: Tokyo"
369798,David Smith,Loan,14753.5576,4.044529236,586,2021-12-14 00:00:00,15132.34187,"Sector: Healthcare, Residence: 6 years, City: Tokyo"
418998,Patricia Smith,Credit,9404.779968,1.304294003,621,2021-12-17 00:00:00,45319.20699,"Sector: Education, Residence: 15 years, City: Berlin"
110018,Charles Brown,Loan,44065.90239,2.719869222,482,2021-12-18 00:00:00,23058.1596,"Sector: Technology, Residence: 11 years, City: Berlin"
191172,Jennifer Wilson,Checking,13268.4003,3.497234839,720,2021-12-19 00:00:00,12250.75648,"Sector: Healthcare, Residence: 8 years, City: Berlin"
756508,Robert Lopez,Checking,14956.28103,4.024009595,428,2021-12-20 00:00:00,10406.18718,"Sector: Technology, Residence: 2 years, City: New York"
888443,Patricia Hernandez,Credit,7995.563529,2.278064409,451,2021-12-21 00:00:00,24172.00757,"Sector: Healthcare, Residence: 1 years, City: Sydney"
813438,William Brown,Checking,36484.50869,4.315157447,670,2021-12-23 00:00:00,27668.82832,"Sector: Technology, Residence: 2 years, City: Tokyo"
833714,William Thomas,Loan,47096.31596,3.444959498,483,2021-12-24 00:00:00,5387.9536,"Sector: Finance, Residence: 13 years, City: New York"
398748,Robert Garcia,Savings,46819.24642,3.380514855,328,2021-12-25 00:00:00,36709.46611,"Sector: Technology, Residence: 4 years, City: Sydney"
285001,Mary Gonzalez,Checking,19903.3213,4.152879798,761,2021-12-26 00:00:00,24238.14124,"Sector: Retail, Residence: 6 years, City: New York"
682026,Charles Hernandez,Credit,44267.78287,0.864337947,701,2021-12-27 00:00:00,31803.87834,"Sector: Healthcare, Residence: 1 years, City: New York"
598508,Patricia Jones,Loan,45941.88044,1.741935588,356,2021-12-28 00:00:00,9691.690475,"Sector: Education, Residence: 4 years, City: Berlin"
956852,Charles Smith,Checking,5561.155799,4.293513597,348,2021-12-29 00:00:00,19622.31164,"Sector: Technology, Residence: 14 years, City: New York"
246666,John Williams,Loan,9412.323621,3.5587804,571,2021-12-30 00:00:00,45092.13717,"Sector: Retail, Residence: 3 years, City: Berlin"
475911,Charles Moore,Credit,21859.77239,4.150999469,567,2021-12-31 00:00:00,17259.35952,"Sector: Technology, Residence: 18 years, City: Tokyo"
507435,Sarah Jones,Savings,49086.90315,1.91908794,371,2022-01-01 00:00:00,48396.62332,"Sector: Education, Residence: 2 years, City: New York"
994893,Mary Davis,Credit,11437.80645,0.551289522,694,2022-01-02 00:00:00,46698.25618,"Sector: Finance, Residence: 12 years, City: London"
890729,Joseph Garcia,Credit,5348.707362,4.366676668,725,2022-01-03 00:00:00,24453.97264,"Sector: Technology, Residence: 18 years, City: Berlin"
639992,Joseph Davis,Credit,38580.70486,3.051010174,338,2022-01-04 00:00:00,7171.814261,"Sector: Retail, Residence: 12 years, City: Sydney"
178253,Barbara Wilson,Loan,15363.5117,4.25591913,619,2022-01-05 00:00:00,32325.28214,"Sector: Education, Residence: 17 years, City: Tokyo"
555939,Barbara Miller,Checking,36291.04324,0.874286338,509,2022-01-06 00:00:00,11981.72743,"Sector: Healthcare, Residence: 2 years, City: New York"
317813,Michael Jackson,Loan,47091.43138,3.307690519,487,2022-01-07 00:00:00,19656.82216,"Sector: Retail, Residence: 7 years, City: Berlin"
546333,Charles Rodriguez,Checking,18938.62635,2.544140269,546,2022-01-09 00:00:00,40729.10572,"Sector: Healthcare, Residence: 9 years, City: Tokyo"
409971,John Gonzalez,Checking,36431.98815,1.402310486,427,2022-01-10 00:00:00,22835.95034,"Sector: Education, Residence: 11 years, City: London"
682297,James Taylor,Credit,41132.54483,4.441066963,580,2022-01-11 00:00:00,37642.24595,"Sector: Finance, Residence: 6 years, City: London"
730088,Sarah Jackson,Savings,40881.87904,2.766188367,343,2022-01-12 00:00:00,8804.61787,"Sector: Technology, Residence: 19 years, City: New York"
283326,William Martinez,Savings,4207.359466,1.189555616,665,2022-01-14 00:00:00,48734.6606,"Sector: Healthcare, Residence: 11 years, City: London"
559666,Linda Gonzalez,Savings,20114.91959,4.090972477,328,2022-01-15 00:00:00,37229.35368,"Sector: Healthcare, Residence: 6 years, City: London"
702894,Susan Jones,Savings,22898.12026,3.025272003,791,2022-01-16 00:00:00,27927.27935,"Sector: Technology, Residence: 6 years, City: Tokyo"
688244,David Moore,Credit,40243.888,3.87441711,661,2022-01-17 00:00:00,10028.31979,"Sector: Technology, Residence: 17 years, City: London"
853498,Robert Moore,Credit,10752.75143,1.323883442,492,2022-01-18 00:00:00,21824.88584,"Sector: Healthcare, Residence: 6 years, City: Berlin"
964957,Sarah Jones,Loan,33908.8541,0.602331371,663,2022-01-19 00:00:00,18424.82003,"Sector: Education, Residence: 17 years, City: Tokyo"
782081,Linda Anderson,Savings,28219.85089,1.942078256,688,2022-01-20 00:00:00,14196.52389,"Sector: Finance, Residence: 15 years, City: Berlin"
305079,David Smith,Loan,29048.1474,2.972446178,345,2022-01-21 00:00:00,10292.25761,"Sector: Finance, Residence: 18 years, City: London"
667120,Elizabeth Williams,Credit,44812.49613,4.059004945,338,2022-01-22 00:00:00,7352.876689,"Sector: Education, Residence: 6 years, City: Berlin"
468139,Karen Williams,Checking,24519.48747,3.4152651,735,2022-01-23 00:00:00,37141.63257,"Sector: Finance, Residence: 14 years, City: Tokyo"
445577,Susan Smith,Credit,265.9365023,4.71254061,328,2022-01-24 00:00:00,14600.00269,"Sector: Technology, Residence: 17 years, City: Berlin"
631603,Linda Martinez,Savings,49269.45924,4.805758426,589,2022-01-25 00:00:00,23070.57983,"Sector: Education, Residence: 6 years, City: Sydney"
917940,Sarah Williams,Checking,5461.126769,3.471048794,815,2022-01-26 00:00:00,6820.338821,"Sector: Healthcare, Residence: 4 years, City: Tokyo"
646072,Michael Gonzalez,Loan,22515.04406,1.883331608,586,2022-01-27 00:00:00,8135.06306,"Sector: Healthcare, Residence: 13 years, City: London"
373873,Richard Jones,Savings,40455.83306,0.839282352,652,2022-01-28 00:00:00,41012.52137,"Sector: Retail, Residence: 16 years, City: London"
180957,Karen Gonzalez,Savings,30703.50117,3.241957448,757,2022-01-29 00:00:00,9916.836022,"Sector: Finance, Residence: 4 years, City: New York"
656500,Joseph Moore,Loan,20616.3329,4.723911436,406,2022-02-01 00:00:00,44144.81819,"Sector: Technology, Residence: 9 years, City: Sydney"
459732,Richard Taylor,Credit,16146.10339,4.627418666,365,2022-02-02 00:00:00,29679.12279,"Sector: Education, Residence: 2 years, City: Sydney"
721003,Linda Brown,Credit,27659.04096,0.638467755,382,2022-02-03 00:00:00,42085.48284,"Sector: Education, Residence: 16 years, City: London"
228660,Patricia Williams,Checking,21438.40894,4.540814778,429,2022-02-04 00:00:00,48000.96478,"Sector: Education, Residence: 7 years, City: Sydney"
720246,Linda Anderson,Loan,40791.07501,0.985609124,542,2022-02-06 00:00:00,15757.55648,"Sector: Technology, Residence: 8 years, City: Berlin"
262504,Joseph Martin,Savings,49702.39212,1.257252025,711,2022-02-07 00:00:00,37170.99671,"Sector: Healthcare, Residence: 10 years, City: Berlin"
889665,William Jones,Savings,15705.46474,3.387821072,839,2022-02-08 00:00:00,20445.89445,"Sector: Finance, Residence: 19 years, City: Tokyo"
960451,David Martin,Savings,24248.3822,3.78355172,473,2022-02-09 00:00:00,26761.18696,"Sector: Retail, Residence: 4 years, City: London"
331616,Jennifer Taylor,Loan,35273.16761,3.448296919,472,2022-02-10 00:00:00,42142.8981,"Sector: Retail, Residence: 18 years, City: Tokyo"
920699,James Johnson,Checking,17909.62894,3.218906714,600,2022-02-11 00:00:00,9333.172307,"Sector: Finance, Residence: 13 years, City: London"
545578,Jessica Rodriguez,Savings,9222.650676,4.928694969,659,2022-02-12 00:00:00,41855.43904,"Sector: Education, Residence: 19 years, City: New York"
167797,Elizabeth Williams,Savings,41366.76989,2.196408111,351,2022-02-13 00:00:00,13329.00345,"Sector: Retail, Residence: 8 years, City: Tokyo"
185353,Robert Anderson,Loan,30245.43561,4.595710436,356,2022-02-14 00:00:00,11686.89551,"Sector: Healthcare, Residence: 6 years, City: New York"
524795,Joseph Williams,Loan,40977.50416,1.177047706,815,2022-02-15 00:00:00,49399.91128,"Sector: Healthcare, Residence: 19 years, City: London"
518989,Mary Gonzalez,Loan,28552.06555,0.967661925,543,2022-02-16 00:00:00,49348.09367,"Sector: Finance, Residence: 16 years, City: Tokyo"
790064,Michael Martinez,Savings,23350.31665,1.683174893,458,2022-02-19 00:00:00,7163.426262,"Sector: Finance, Residence: 10 years, City: New York"
204982,Barbara Anderson,Savings,48083.92725,1.663318531,769,2022-02-20 00:00:00,38655.88547,"Sector: Healthcare, Residence: 8 years, City: New York"
891475,Susan Miller,Savings,46021.26142,4.942265581,775,2022-02-22 00:00:00,22026.53582,"Sector: Healthcare, Residence: 17 years, City: Berlin"
974334,James Williams,Savings,43530.75773,4.44170626,727,2022-02-23 00:00:00,44556.38401,"Sector: Healthcare, Residence: 1 years, City: Tokyo"
891320,Jennifer Martin,Loan,40446.6408,1.670135673,489,2022-02-24 00:00:00,44833.01514,"Sector: Education, Residence: 13 years, City: London"
550958,Robert Smith,Checking,37721.0717,3.44014962,653,2022-02-25 00:00:00,20811.19347,"Sector: Retail, Residence: 19 years, City: Sydney"
319067,William Rodriguez,Checking,12686.24397,3.746472567,420,2022-02-26 00:00:00,8696.914962,"Sector: Healthcare, Residence: 15 years, City: Berlin"
183246,Barbara Moore,Checking,31065.40269,2.78631007,377,2022-02-27 00:00:00,37229.9335,"Sector: Education, Residence: 3 years, City: New York"
327104,Barbara Davis,Savings,25163.23537,2.098792125,498,2022-02-28 00:00:00,12028.39732,"Sector: Finance, Residence: 9 years, City: London"
904017,John Williams,Savings,22200.32865,3.600116219,640,2022-03-01 00:00:00,23816.32321,"Sector: Healthcare, Residence: 16 years, City: London"
915259,Jessica Lopez,Savings,19027.31036,4.065712467,741,2022-03-02 00:00:00,31679.58327,"Sector: Education, Residence: 5 years, City: New York"
775282,James Lopez,Loan,15603.78653,2.664921452,376,2022-03-03 00:00:00,26904.92841,"Sector: Healthcare, Residence: 2 years, City: Berlin"
499889,Richard Thomas,Loan,32474.54591,1.037742793,598,2022-03-05 00:00:00,48887.64812,"Sector: Finance, Residence: 5 years, City: London"
443709,David Williams,Credit,33021.07202,2.129215353,418,2022-03-06 00:00:00,40641.59846,"Sector: Technology, Residence: 2 years, City: New York"
661073,Mary Miller,Checking,36947.82083,0.996888009,394,2022-03-07 00:00:00,36154.23477,"Sector: Technology, Residence: 19 years, City: London"
468728,Mary Smith,Credit,9754.933723,1.843107435,364,2022-03-08 00:00:00,36194.48162,"Sector: Education, Residence: 9 years, City: London"
707002,James Brown,Checking,40920.72638,1.487245201,741,2022-03-10 00:00:00,37032.57022,"Sector: Education, Residence: 5 years, City: Sydney"
